Date,Open,High,Low,Close,Volume
04/01/2016 16:00:00,55.25,55.69,54.75,55.54,2979360
05/01/2016 16:00:00,55.61,56.28,55.31,56.13,2374476
06/01/2016 16:00:00,55.67,55.69,55.14,55.16,2446593
07/01/2016 16:00:00,54.5,54.78,54.02,54.31,2530820
08/01/2016 16:00:00,55.17,55.17,54.5,54.56,2003515
11/01/2016 16:00:00,54.83,54.87,53.82,54.19,2864681
12/01/2016 16:00:00,54.45,54.75,53.36,54.05,2733904
13/01/2016 16:00:00,54.2,54.31,52.97,53,2602412
14/01/2016 16:00:00,53.13,53.73,52.8,53.63,3178282
15/01/2016 16:00:00,52.55,52.97,52.08,52.27,5863608
18/01/2016 16:00:00,52.07,52.68,52.07,52.38,1063379
19/01/2016 16:00:00,53.32,53.48,52.68,53.27,3585742
20/01/2016 16:00:00,52.68,52.78,51.17,51.87,3880251
21/01/2016 16:00:00,52.01,53.03,51.79,52.74,2839120
22/01/2016 16:00:00,53.86,54.48,53.69,54.47,3982476
25/01/2016 16:00:00,54.52,54.53,52.85,52.92,1706872
26/01/2016 16:00:00,53.08,53.41,52.85,53.26,2482930
27/01/2016 16:00:00,53.15,54.9,53.12,54.3,2928647
28/01/2016 16:00:00,54.95,56.53,54.57,56.4,3888043
29/01/2016 16:00:00,56.77,57.39,55.74,57.39,3878849
01/02/2016 16:00:00,56.86,56.93,56.06,56.34,1557357
02/02/2016 16:00:00,55.8,55.84,55.09,55.57,2007564
03/02/2016 16:00:00,56,56.15,54.92,55.78,2572522
04/02/2016 16:00:00,55.9,57.13,55.79,56.86,2702712
05/02/2016 16:00:00,56.86,57.03,56.31,56.8,1687340
08/02/2016 16:00:00,56.3,56.4,55.16,55.68,2364551
09/02/2016 16:00:00,55,55.04,53.17,54.17,3573390
10/02/2016 16:00:00,54.88,54.95,52.57,52.66,3069038
11/02/2016 16:00:00,52,52.27,51.57,52.06,3694062
12/02/2016 16:00:00,52.86,54.04,52.75,54.02,2438137
16/02/2016 16:00:00,54.93,55.19,53.94,55.07,2246387
17/02/2016 16:00:00,55.64,56.28,55.44,56.23,2252367
18/02/2016 16:00:00,56.59,56.72,55.72,56.33,2130899
19/02/2016 16:00:00,55.77,56.01,55.36,56.01,2278130
22/02/2016 16:00:00,56.51,56.74,55.48,55.48,2651191
23/02/2016 16:00:00,55.51,56.16,54.59,54.79,1977778
24/02/2016 16:00:00,54.11,54.11,51.91,53.57,3447739
25/02/2016 16:00:00,53.7,53.8,52.89,53.53,1904846
26/02/2016 16:00:00,54.02,54.49,53.73,53.98,1557918
29/02/2016 16:00:00,54.28,54.76,53.74,54.76,2427519
01/03/2016 16:00:00,56,57.93,55.96,57.93,4161095
02/03/2016 16:00:00,57.72,58.07,56.83,57.75,2710546
03/03/2016 16:00:00,58,58.72,57.77,58.62,1959920
04/03/2016 16:00:00,58.79,59.72,58.51,59.5,3016950
07/03/2016 16:00:00,59.5,60.73,59.4,60.53,3175920
08/03/2016 16:00:00,60.31,61.49,59.82,61.23,3417465
09/03/2016 16:00:00,61.35,62.39,61.35,61.81,3095880
10/03/2016 16:00:00,62.19,62.45,61.08,61.56,2535145
11/03/2016 16:00:00,62.11,62.39,61.77,62.27,2141099
14/03/2016 16:00:00,62.09,62.49,61.94,62.05,2082615
15/03/2016 16:00:00,61.75,62.36,61.74,62.36,2483846
16/03/2016 16:00:00,62.35,62.87,61.87,62.43,1713185
17/03/2016 16:00:00,62.61,63.98,62.47,63.9,2674020
18/03/2016 16:00:00,63.67,63.97,63.26,63.57,6143091
21/03/2016 16:00:00,63.75,64.1,63.03,63.66,1665576
22/03/2016 16:00:00,63.35,63.84,63.16,63.4,1615045
23/03/2016 16:00:00,63.81,63.81,62.96,63.27,1659999
24/03/2016 16:00:00,62.7,62.7,62.07,62.42,2444783
28/03/2016 16:00:00,62.55,63.09,62.09,62.91,2472904
29/03/2016 16:00:00,62.69,63.39,62.1,63.22,2138691
30/03/2016 16:00:00,63.5,64.13,63.24,63.55,2035984
31/03/2016 16:00:00,63.6,63.94,63.31,63.47,2525244
01/04/2016 16:00:00,62.16,62.73,61.64,62.72,1798179
04/04/2016 16:00:00,62.72,62.89,62.2,62.48,1566410
06/04/2016 16:00:00,61.88,62.1,61.42,62.03,1608022
07/04/2016 16:00:00,61.67,61.89,60.95,61.31,1613563
08/04/2016 16:00:00,61.62,62.23,61.56,61.85,1589865
11/04/2016 16:00:00,61.85,62.23,61.48,61.54,1647913
12/04/2016 16:00:00,61.65,62.98,61.63,62.54,2173634
13/04/2016 16:00:00,63.07,63.79,63.05,63.65,2376958
14/04/2016 16:00:00,63.79,64.12,63.55,63.88,1536855
15/04/2016 16:00:00,63.65,63.9,63.33,63.64,1536397
18/04/2016 16:00:00,63.05,63.75,63.02,63.66,2255108
19/04/2016 16:00:00,63.75,64.5,63.64,64.33,2738655
20/04/2016 16:00:00,64.45,65.44,64.3,65.23,3357278
21/04/2016 16:00:00,65.18,65.3,64.84,65.04,2718398
22/04/2016 16:00:00,65.15,65.54,65.08,65.29,1456523
25/04/2016 16:00:00,65.01,65.2,64.59,64.93,1050922
26/04/2016 16:00:00,65.1,65.35,65,65.24,1402627
27/04/2016 16:00:00,65.25,65.73,65.05,65.43,1708931
28/04/2016 16:00:00,65.14,65.43,64.64,65.24,2096383
29/04/2016 16:00:00,64.94,65.97,64.93,65.8,2122487
02/05/2016 16:00:00,65.74,65.92,65.03,65.17,1278069
03/05/2016 16:00:00,64.19,64.3,62.71,63.43,3374662
04/05/2016 16:00:00,63,63.27,62.08,62.61,2732097
05/05/2016 16:00:00,62.61,62.74,61.82,61.9,2560099
06/05/2016 16:00:00,61.7,62.28,61.2,62.13,2147203
09/05/2016 16:00:00,61.75,62.09,61.53,61.69,1793036
10/05/2016 16:00:00,62.05,62.9,61.98,62.32,1903488
11/05/2016 16:00:00,62.29,63.24,62.1,62.79,2246958
12/05/2016 16:00:00,63.22,63.42,62.25,62.97,1468302
13/05/2016 16:00:00,62.6,63.12,62.34,62.62,1724378
16/05/2016 16:00:00,62.59,63.33,62.59,62.93,1552215
17/05/2016 16:00:00,62.92,63.09,62.52,62.8,1692848
18/05/2016 16:00:00,62.63,63.37,62.58,63.2,2364413
19/05/2016 16:00:00,63.01,63.15,62.11,62.73,5994011
20/05/2016 16:00:00,62.93,63.61,62.93,63.1,2057196
24/05/2016 16:00:00,63.24,64.33,63.24,63.76,2471384
25/05/2016 16:00:00,64.09,64.83,63.98,64.59,2190329
26/05/2016 16:00:00,64.88,65.31,64.39,64.51,2523515
27/05/2016 16:00:00,64.46,65.07,64.46,65,2687353
30/05/2016 16:00:00,65.25,65.48,64.74,64.95,1781756
31/05/2016 16:00:00,64.65,64.9,64.1,64.14,6650287
01/06/2016 16:00:00,63.83,65.03,63.4,64.89,2248137
02/06/2016 16:00:00,64.7,65.61,64.41,65.45,1940686
03/06/2016 16:00:00,65.24,65.61,64.75,65.47,1530644
06/06/2016 16:00:00,65.64,66,65.6,65.86,1787355
07/06/2016 16:00:00,66.02,67.2,66.02,67.07,3157243
08/06/2016 16:00:00,67.2,67.4,66.61,66.9,2274815
09/06/2016 16:00:00,66.62,66.78,66.01,66.32,2244613
10/06/2016 16:00:00,65.78,65.78,64.95,65.25,1785695
13/06/2016 16:00:00,64.9,65.23,64.67,64.97,1842052
14/06/2016 16:00:00,64.83,64.98,64.38,64.55,1958771
15/06/2016 16:00:00,64.64,64.94,64.23,64.29,1635165
16/06/2016 16:00:00,64,64.44,63.52,64.24,1657397
17/06/2016 16:00:00,64.25,64.88,64.2,64.48,8359916
20/06/2016 16:00:00,65.5,65.66,64.75,65.05,1770611
21/06/2016 16:00:00,65.39,65.39,64.78,65.15,1756002
22/06/2016 16:00:00,65.28,65.5,64.75,64.91,1508233
23/06/2016 16:00:00,65.35,65.97,65.27,65.55,2047970
24/06/2016 16:00:00,63,64.37,62.75,64.03,2884083
27/06/2016 16:00:00,63.42,63.42,62.36,62.8,2742070
28/06/2016 16:00:00,63.46,63.9,63.27,63.77,2122526
29/06/2016 16:00:00,64.44,64.74,64.13,64.51,2457046
30/06/2016 16:00:00,63.81,63.93,63.08,63.31,3118569
04/07/2016 16:00:00,63.85,63.9,63.4,63.69,920501
05/07/2016 16:00:00,63.53,63.93,63.12,63.29,1575295
06/07/2016 16:00:00,63.11,63.21,62.42,63.1,1651058
07/07/2016 16:00:00,63.2,63.35,62.52,62.89,1421184
08/07/2016 16:00:00,63.27,63.95,63.24,63.3,2134579
11/07/2016 16:00:00,63.94,64.26,63.84,63.89,2115444
12/07/2016 16:00:00,64.24,64.68,64.18,64.62,2138022
13/07/2016 16:00:00,64.8,65.14,64.42,64.97,1508665
14/07/2016 16:00:00,65.45,65.65,65.2,65.23,1132004
15/07/2016 16:00:00,65.41,65.76,65.3,65.63,1638602
18/07/2016 16:00:00,65.75,65.92,65.42,65.45,871148
19/07/2016 16:00:00,65.46,65.62,65.3,65.6,963063
20/07/2016 16:00:00,65.83,66.04,65.65,65.93,1264126
21/07/2016 16:00:00,65.92,66.05,65.67,65.75,1980011
22/07/2016 16:00:00,66,66.19,65.7,66.06,2047895
25/07/2016 16:00:00,66.12,66.16,65.6,65.8,791304
26/07/2016 16:00:00,65.79,66.47,65.75,66.26,1296294
27/07/2016 16:00:00,66.2,66.7,65.99,66.31,1307844
28/07/2016 16:00:00,66.29,66.5,65.61,66.4,1211886
29/07/2016 16:00:00,65.9,66.51,65.9,66.31,1457091
02/08/2016 16:00:00,65.64,65.78,65.18,65.67,1750349
03/08/2016 16:00:00,65.76,66.19,65.56,65.62,1441423
04/08/2016 16:00:00,65.69,65.89,65.09,65.51,987869
05/08/2016 16:00:00,65.75,66.37,65.67,66.35,1290142
08/08/2016 16:00:00,66.27,66.87,66.25,66.67,1305763
09/08/2016 16:00:00,66.82,67.13,66.72,66.9,1213872
10/08/2016 16:00:00,67,67.08,66.64,66.71,1077857
11/08/2016 16:00:00,66.95,67.12,66.85,66.92,1343833
12/08/2016 16:00:00,66.79,66.88,66.5,66.8,1041191
15/08/2016 16:00:00,66.93,67,66.6,66.8,716956
16/08/2016 16:00:00,66.66,66.73,66.34,66.5,900147
17/08/2016 16:00:00,66.47,66.84,66.42,66.73,1230663
18/08/2016 16:00:00,66.67,66.73,66.26,66.5,688926
19/08/2016 16:00:00,66.48,66.59,65.97,66.42,894831
22/08/2016 16:00:00,66.2,66.75,66,66.65,1283676
23/08/2016 16:00:00,66.92,67.59,66.91,67.35,1914636
24/08/2016 16:00:00,68,68.71,67.75,68.59,3277021
25/08/2016 16:00:00,68.46,68.87,68.33,68.87,1987213
26/08/2016 16:00:00,68.8,69.56,68.76,68.93,3781349
29/08/2016 16:00:00,68.93,69.09,68.74,68.86,1521197
30/08/2016 16:00:00,69.58,70.25,69.55,69.93,3033896
31/08/2016 16:00:00,69.98,70.17,69.32,69.81,2129565
01/09/2016 16:00:00,69.56,70.27,69.55,70.08,1897390
02/09/2016 16:00:00,70.19,70.8,70.08,70.49,1576230
06/09/2016 16:00:00,70.58,70.62,70.02,70.62,1790976
07/09/2016 16:00:00,70.67,70.78,70.29,70.7,1433069
08/09/2016 16:00:00,70.5,70.7,70.13,70.32,1273132
09/09/2016 16:00:00,70.1,70.23,69.53,69.76,1677438
12/09/2016 16:00:00,69.5,69.86,69.12,69.61,1475928
13/09/2016 16:00:00,69.01,69.21,68.27,68.64,1824901
14/09/2016 16:00:00,68.55,69.32,68.41,68.88,1274945
15/09/2016 16:00:00,69.03,70.14,69.03,70.06,1490671
16/09/2016 16:00:00,70.06,70.13,69.56,69.9,4076160
19/09/2016 16:00:00,70.09,70.7,69.81,70,1571498
20/09/2016 16:00:00,70.44,70.7,70.16,70.43,1459457
21/09/2016 16:00:00,70.75,70.9,70.33,70.73,1196130
22/09/2016 16:00:00,70.94,71.26,70.9,71.1,1209741
23/09/2016 16:00:00,70.85,70.98,70.36,70.47,1458269
26/09/2016 16:00:00,70.24,70.52,69.96,70.43,1080253
27/09/2016 16:00:00,70.41,70.42,69.83,70.09,1556247
28/09/2016 16:00:00,70.3,70.94,70.29,70.77,2095525
29/09/2016 16:00:00,70.97,71.09,70.31,70.63,2268411
30/09/2016 16:00:00,69.9,70.13,69.51,69.52,2028761
03/10/2016 16:00:00,69.56,69.65,69.05,69.43,1311769
04/10/2016 16:00:00,69.42,70.02,69.06,69.52,2281311
05/10/2016 16:00:00,69.57,70,69.57,69.8,1526157
06/10/2016 16:00:00,69.77,70.14,69.6,69.72,1278554
07/10/2016 16:00:00,69.62,69.73,69.16,69.52,1211064
11/10/2016 16:00:00,69.55,70.04,69.55,69.87,1158611
12/10/2016 16:00:00,69.86,70.3,69.76,69.99,1049235
13/10/2016 16:00:00,69.7,70.24,69.15,70.24,1537057
14/10/2016 16:00:00,70.49,70.69,70,70.2,1443734
17/10/2016 16:00:00,70.19,70.31,69.98,70.12,742279
18/10/2016 16:00:00,70.4,70.94,70.31,70.78,1567625
19/10/2016 16:00:00,70.85,71.14,70.64,70.87,1069040
20/10/2016 16:00:00,70.89,71.17,70.76,70.98,1507845
21/10/2016 16:00:00,70.9,71.4,70.86,71.25,1088419
24/10/2016 16:00:00,71.37,71.91,71.26,71.79,1370167
25/10/2016 16:00:00,71.73,71.96,71.54,71.81,1067952
26/10/2016 16:00:00,71.58,72.13,71.48,71.76,1682261
27/10/2016 16:00:00,71.92,72.5,71.77,72.23,1596290
28/10/2016 16:00:00,72.2,72.4,71.85,72.09,1430158
31/10/2016 16:00:00,72.05,72.4,71.87,72.08,1545079
01/11/2016 16:00:00,72.24,72.56,71.51,72.03,1769333
02/11/2016 16:00:00,71.65,71.95,71.01,71.31,1473878
03/11/2016 16:00:00,71.35,71.88,71.19,71.62,1048612
04/11/2016 16:00:00,71.62,71.62,70.74,70.98,1333125
07/11/2016 16:00:00,71.67,72.14,71.55,71.77,1350071
08/11/2016 16:00:00,71.73,72.33,71.55,72.21,1209989
09/11/2016 16:00:00,71.5,72.05,71.1,71.63,3262196
10/11/2016 16:00:00,71.92,72.09,70.97,71.72,2451759
11/11/2016 16:00:00,71.45,71.72,70.57,71.03,1970272
14/11/2016 16:00:00,71.22,71.23,69.52,69.88,3197998
15/11/2016 16:00:00,70,70.45,69.2,70.41,2591827
16/11/2016 16:00:00,70.15,70.73,69.89,70.61,1868336
17/11/2016 16:00:00,70.53,71.82,70.45,71.63,2665223
18/11/2016 16:00:00,71.56,72.11,71.46,72,1258837
21/11/2016 16:00:00,72.16,72.79,72.12,72.62,2011367
22/11/2016 16:00:00,72.88,73.01,72.42,72.66,1326479
23/11/2016 16:00:00,72.55,72.97,72.27,72.63,1206064
24/11/2016 16:00:00,72.55,72.92,72.47,72.62,585097
25/11/2016 16:00:00,72.89,73.02,72.37,72.9,1183174
28/11/2016 16:00:00,73,73.13,72.24,72.52,1755359
29/11/2016 16:00:00,73.25,74.31,73.25,73.7,2967962
30/11/2016 16:00:00,74.26,74.46,73.53,74.14,3236239
01/12/2016 16:00:00,74.21,74.63,73.96,74.09,2198544
02/12/2016 16:00:00,73.87,74.55,73.71,74.37,1466956
05/12/2016 16:00:00,74.5,74.66,74.17,74.29,1368489
06/12/2016 16:00:00,74.54,74.82,74.34,74.68,1437750
07/12/2016 16:00:00,74.7,75.85,74.64,75.6,2231613
08/12/2016 16:00:00,75.5,76.61,75.36,76.17,2922233
09/12/2016 16:00:00,76.38,77.2,76.22,76.87,1642429
12/12/2016 16:00:00,76.7,77,76.51,76.53,1585773
13/12/2016 16:00:00,76.62,77.38,76.62,77.09,1799581
14/12/2016 16:00:00,76.92,77.07,76.18,76.59,2966224
15/12/2016 16:00:00,76.58,76.88,76.33,76.47,2363895
16/12/2016 16:00:00,76.71,76.76,75.86,76.04,11011636
19/12/2016 16:00:00,76.2,76.51,75.98,76.04,2250875
20/12/2016 16:00:00,76.25,76.48,75.89,75.89,2068399
21/12/2016 16:00:00,75.9,76,75.55,75.82,1197170
22/12/2016 16:00:00,75.91,76.32,75.62,76.14,1367262
23/12/2016 16:00:00,76.26,76.31,75.92,76.04,1056253
28/12/2016 16:00:00,76.28,76.53,76.06,76.22,2165520
29/12/2016 16:00:00,75.45,75.7,75.2,75.39,1184940
30/12/2016 16:00:00,75.41,75.5,74.62,74.76,1142600
03/01/2017 16:00:00,75.1,75.78,75.06,75.76,1771980
04/01/2017 16:00:00,75.75,76.5,75.44,76.4,1902325
05/01/2017 16:00:00,76.28,76.82,76.1,76.57,1933528
06/01/2017 16:00:00,76.65,76.7,76.32,76.59,1181943
09/01/2017 16:00:00,76.4,76.49,76.01,76.35,1230529
10/01/2017 16:00:00,76.51,77.05,76.51,76.96,1849132
11/01/2017 16:00:00,77.08,77.8,76.84,77.68,2583284
12/01/2017 16:00:00,77.5,77.5,77.01,77.2,2434018
13/01/2017 16:00:00,77.31,77.77,77.2,77.63,1818611
16/01/2017 16:00:00,77.45,77.49,77.12,77.37,596307
17/01/2017 16:00:00,77.15,77.27,76.52,76.7,1433329
18/01/2017 16:00:00,76.61,76.9,76.26,76.48,1507095
19/01/2017 16:00:00,76.52,76.82,76.38,76.74,1083383
20/01/2017 16:00:00,76.8,77.5,76.3,77.39,1815837
23/01/2017 16:00:00,77.3,77.57,77.04,77.5,1071960
24/01/2017 16:00:00,77.5,78.19,77.16,77.92,1304075
25/01/2017 16:00:00,78.18,78.65,78.13,78.25,1772939
26/01/2017 16:00:00,78.3,78.83,78.1,78.61,997544
27/01/2017 16:00:00,78.64,78.96,78.3,78.71,1137891
30/01/2017 16:00:00,78.35,78.58,77.72,78.25,1832162
31/01/2017 16:00:00,78,78.32,77.47,77.76,2182725
01/02/2017 16:00:00,78.2,78.24,77.62,77.89,1395602
02/02/2017 16:00:00,77.88,78.19,77.6,77.73,1356607
03/02/2017 16:00:00,78,78.65,77.91,78.4,1333786
06/02/2017 16:00:00,78.38,78.53,77.98,78.23,1289558
07/02/2017 16:00:00,78.3,79.15,78.25,79.06,1297683
08/02/2017 16:00:00,79.03,79.55,78.5,79.49,1356121
09/02/2017 16:00:00,79.56,80,79.35,79.83,1010951
10/02/2017 16:00:00,79.98,80.48,79.86,80.28,1070976
13/02/2017 16:00:00,80.59,80.98,80.42,80.51,2113367
14/02/2017 16:00:00,80.45,80.98,80.25,80.7,3642900
15/02/2017 16:00:00,80.88,81.54,80.79,81.52,1443242
16/02/2017 16:00:00,81.37,82.17,81.35,81.99,1924029
17/02/2017 16:00:00,81.99,82.04,81.42,81.82,1492279
21/02/2017 16:00:00,82.25,82.3,81.64,81.89,2086203
22/02/2017 16:00:00,81.65,82.08,81.51,81.68,3075430
23/02/2017 16:00:00,81.88,82.2,81.59,81.68,1589627
24/02/2017 16:00:00,81.1,81.2,80.07,80.35,2237019
27/02/2017 16:00:00,80.35,80.46,79.25,79.25,4733757
28/02/2017 16:00:00,78.75,78.75,77.02,77.04,4190920
01/03/2017 16:00:00,78.05,78.85,77.56,78.75,2719145
02/03/2017 16:00:00,78.91,79.42,78.52,78.68,3575094
03/03/2017 16:00:00,78.65,80.15,78.56,79.96,3270411
06/03/2017 16:00:00,79.95,80.53,79.6,80.2,2091629
07/03/2017 16:00:00,80.27,80.48,79.87,79.99,2344201
08/03/2017 16:00:00,80.29,80.29,79.28,79.46,1429815
09/03/2017 16:00:00,79.39,79.62,78.87,79.09,1502736
10/03/2017 16:00:00,79.15,79.53,78.17,78.97,2407593
13/03/2017 16:00:00,78.87,79.86,78.67,79.7,2571066
14/03/2017 16:00:00,79.15,79.81,78.87,79.03,2150306
15/03/2017 16:00:00,79,79.18,77.81,78.22,2157470
16/03/2017 16:00:00,78.15,79.03,78.14,78.45,1546763
17/03/2017 16:00:00,78.3,78.84,77.79,77.79,10951198
20/03/2017 16:00:00,77.65,77.8,76.96,77.29,1589725
21/03/2017 16:00:00,77.45,77.79,75.87,76.27,2210657
22/03/2017 16:00:00,75.9,77.02,75.54,76.9,2180634
23/03/2017 16:00:00,77,77.86,76.76,77.43,1411429
24/03/2017 16:00:00,77.85,77.95,77.15,77.78,1874564
27/03/2017 16:00:00,77.3,78.58,77.01,78.36,2059493
28/03/2017 16:00:00,78.41,79.38,78.39,79.01,2534748
29/03/2017 16:00:00,79.07,79.74,78.97,79.36,2082298
30/03/2017 16:00:00,79.6,79.82,79.1,79.39,2062270
31/03/2017 16:00:00,78.11,78.45,77.8,77.8,5581449
03/04/2017 16:00:00,78.15,78.34,76.99,78.07,1957852
04/04/2017 16:00:00,77.63,78.35,77.3,78.06,2080956
05/04/2017 16:00:00,78.37,78.85,78.11,78.12,3547354
06/04/2017 16:00:00,78.48,79.06,78.24,78.73,2139507
07/04/2017 16:00:00,78.72,78.72,77.87,78.11,2078984
10/04/2017 16:00:00,77.89,78.13,77.53,77.68,2070085
11/04/2017 16:00:00,77.52,77.72,76.52,77.49,4351564
12/04/2017 16:00:00,77.43,77.43,76.45,76.78,1296965
13/04/2017 16:00:00,76.51,76.67,75.88,75.99,1490095
17/04/2017 16:00:00,76.01,77.19,76.01,77.14,1267918
18/04/2017 16:00:00,77.02,77.09,75.97,76.61,1670533
19/04/2017 16:00:00,76.84,77.02,76.28,76.35,2957556
20/04/2017 16:00:00,76.4,77.08,76.4,76.8,2819879
21/04/2017 16:00:00,76.79,77.25,76.61,76.83,2329836
24/04/2017 16:00:00,77.5,78.47,77.5,77.97,3135438
25/04/2017 16:00:00,78.31,78.94,78.25,78.41,4262485
26/04/2017 16:00:00,78.43,78.68,77.3,77.41,4341494
27/04/2017 16:00:00,77.48,77.5,74.55,75.31,7755829
28/04/2017 16:00:00,75.31,76.47,75.02,75.88,4073820
01/05/2017 16:00:00,76.13,76.32,75.56,75.74,3146412
02/05/2017 16:00:00,75.62,75.95,75.34,75.76,3951971
03/05/2017 16:00:00,75.51,75.93,75.25,75.57,3934384
04/05/2017 16:00:00,75.99,76.14,75.04,75.16,4126878
05/05/2017 16:00:00,75.55,76.97,75.36,76.72,3207950
08/05/2017 16:00:00,77,77.1,76.24,76.72,3738475
09/05/2017 16:00:00,76.72,76.96,75.43,75.91,3714890
10/05/2017 16:00:00,75.89,76.57,75.67,76.5,3269001
11/05/2017 16:00:00,75.59,76.26,75.53,75.79,3281116
12/05/2017 16:00:00,75.51,75.87,74.58,75.3,2873621
15/05/2017 16:00:00,75.23,75.87,75.2,75.73,3052806
16/05/2017 16:00:00,75.95,76.45,75.48,75.65,3025447
17/05/2017 16:00:00,75,75.2,74.03,74.18,3702071
18/05/2017 16:00:00,74.18,74.76,73.31,74.42,3720779
19/05/2017 16:00:00,74.76,75.7,74.55,75.48,2562385
23/05/2017 16:00:00,76.23,76.63,75.82,76.17,2570284
24/05/2017 16:00:00,76.49,76.49,75.43,75.64,1777040
25/05/2017 16:00:00,76.04,76.27,75.32,75.66,2207187
26/05/2017 16:00:00,75.7,75.93,75.22,75.91,1215799
29/05/2017 16:00:00,76,76.32,75.75,76.12,756099
30/05/2017 16:00:00,76.43,76.85,76.24,76.6,2132544
31/05/2017 16:00:00,76.99,77,75.72,76.22,4952140
01/06/2017 16:00:00,76.57,76.75,76,76.7,4333856
02/06/2017 16:00:00,76.51,76.74,76.28,76.68,1287396
05/06/2017 16:00:00,76.55,76.96,75.88,76.74,1617907
06/06/2017 16:00:00,76.31,76.83,76.25,76.57,3411325
07/06/2017 16:00:00,76.8,77.05,76.34,76.64,2961420
08/06/2017 16:00:00,76.62,77.87,76.51,77.85,3387186
09/06/2017 16:00:00,77.75,78.85,77.67,78.57,3088055
12/06/2017 16:00:00,78.36,79.23,77.57,77.83,2572932
13/06/2017 16:00:00,78.08,78.12,77.15,77.68,2663148
14/06/2017 16:00:00,77.54,77.59,77.03,77.26,2782710
15/06/2017 16:00:00,77,77.71,76.57,77.58,2605646
16/06/2017 16:00:00,77.41,78.11,77,77.92,9663424
19/06/2017 16:00:00,78.23,79.06,78,78.57,4700825
20/06/2017 16:00:00,78.45,79.04,78.35,78.85,3188983
21/06/2017 16:00:00,79.02,79.55,78.59,78.99,3200999
22/06/2017 16:00:00,78.85,79.98,78.8,79.69,2930767
23/06/2017 16:00:00,79.76,80,79.12,79.45,2052213
26/06/2017 16:00:00,79.71,79.89,79.05,79.38,2982466
27/06/2017 16:00:00,79.52,79.57,79.06,79.17,1898499
28/06/2017 16:00:00,79.35,79.84,79.21,79.59,2267118
29/06/2017 16:00:00,79,79.1,78.01,78.39,2375798
30/06/2017 16:00:00,78.26,78.65,77.42,78.01,2217257
04/07/2017 16:00:00,78.64,78.65,77.44,77.81,793282
05/07/2017 16:00:00,77.65,78.97,77.33,78.67,2025444
06/07/2017 16:00:00,78.11,78.72,78.03,78.44,1647003
07/07/2017 16:00:00,78.52,78.55,77.93,78.34,1260558
10/07/2017 16:00:00,78.34,78.63,77.82,78.49,1201381
11/07/2017 16:00:00,78.3,78.65,78.02,78.52,1710568
12/07/2017 16:00:00,78.59,79.41,78.46,78.62,1797204
13/07/2017 16:00:00,78.7,78.91,78.2,78.54,1731034
14/07/2017 16:00:00,78.22,78.68,78.07,78.42,1384592
17/07/2017 16:00:00,78.4,78.64,78.1,78.24,1333813
18/07/2017 16:00:00,78.24,78.29,77.58,77.99,1498359
19/07/2017 16:00:00,78.01,78.57,78,78.22,1127040
20/07/2017 16:00:00,78.22,78.59,78.06,78.32,1300110
21/07/2017 16:00:00,78.05,78.21,77.37,77.79,2672318
24/07/2017 16:00:00,77.68,78.28,77.23,78.15,1425463
25/07/2017 16:00:00,78.37,78.85,77.89,78.08,1278380
26/07/2017 16:00:00,78.2,78.39,77.34,77.47,1719190
27/07/2017 16:00:00,77.7,77.99,77,77.63,2055628
28/07/2017 16:00:00,77.3,77.68,76.91,77.54,1494716
31/07/2017 16:00:00,77.58,78.12,77.54,77.67,1467583
01/08/2017 16:00:00,77.93,78,76.83,77.77,1438160
02/08/2017 16:00:00,77.78,78.24,77.73,78.18,1591654
03/08/2017 16:00:00,78.1,78.5,77.76,78,1202658
04/08/2017 16:00:00,78.3,78.38,77.99,78.23,992526
08/08/2017 16:00:00,77.66,78.29,77.66,78.11,1697223
09/08/2017 16:00:00,77.85,78.26,77.69,77.99,997588
10/08/2017 16:00:00,77.71,77.8,76.85,77.08,1902563
11/08/2017 16:00:00,76.98,77.31,76.31,76.65,1742900
14/08/2017 16:00:00,77.21,77.85,77.05,77.45,1992962
15/08/2017 16:00:00,77.78,77.96,77.49,77.76,1816851
16/08/2017 16:00:00,77.94,78.12,77.38,77.43,2122608
17/08/2017 16:00:00,77.43,77.68,77.09,77.4,2171475
18/08/2017 16:00:00,77.2,77.22,76.61,77.09,2672853
21/08/2017 16:00:00,77.01,77.2,76.83,77.14,1697296
22/08/2017 16:00:00,77.2,77.25,76.93,77.1,864931
23/08/2017 16:00:00,76.85,77.88,76.75,77.23,1297918
24/08/2017 16:00:00,77.59,77.76,77.25,77.5,958399
25/08/2017 16:00:00,77.6,77.88,77.4,77.64,831504
28/08/2017 16:00:00,77.82,77.82,77.2,77.2,1002563
29/08/2017 16:00:00,76.9,77.33,76.07,77.33,1600998
30/08/2017 16:00:00,77.48,78.18,77.38,77.72,1512092
31/08/2017 16:00:00,78.07,78.29,77.54,77.69,2465062
01/09/2017 16:00:00,77.8,77.96,77.41,77.69,1315346
05/09/2017 16:00:00,77.46,77.49,76.51,76.65,1648065
06/09/2017 16:00:00,76.82,77.15,76.51,76.55,1608165
07/09/2017 16:00:00,76.67,76.68,75.84,76,1508533
08/09/2017 16:00:00,76,76.22,75.81,76.13,1389116
11/09/2017 16:00:00,76.67,76.76,76.41,76.63,1697104
12/09/2017 16:00:00,76.76,77.18,76.62,77.03,1405701
13/09/2017 16:00:00,77.15,77.27,76.86,77.01,1189834
14/09/2017 16:00:00,77.13,77.32,76.96,77.2,1277666
15/09/2017 16:00:00,77.11,77.4,76.93,77,9577078
18/09/2017 16:00:00,77.19,77.27,76.89,77.15,1212487
19/09/2017 16:00:00,77,77.58,76.99,77.32,1224000
20/09/2017 16:00:00,77.44,78.09,77.43,77.95,1828955
21/09/2017 16:00:00,78.3,79.54,78.13,79.33,2238520
22/09/2017 16:00:00,79.27,79.83,79.23,79.72,1756376
25/09/2017 16:00:00,79.72,79.88,79.37,79.69,1356933
26/09/2017 16:00:00,79.62,79.69,79.08,79.25,2351017
27/09/2017 16:00:00,79.6,80.13,79.52,80.02,2391194
28/09/2017 16:00:00,80.05,80.29,79.82,80.08,2029664
29/09/2017 16:00:00,80.3,80.5,80.16,80.2,2219940
02/10/2017 16:00:00,79.75,80.13,79.61,79.95,1955983
03/10/2017 16:00:00,80.02,80.42,80.02,80.4,2057589
04/10/2017 16:00:00,80.35,80.8,80.28,80.7,2293536
05/10/2017 16:00:00,80.7,81.02,80.67,81,1419211
06/10/2017 16:00:00,80.75,80.9,80.3,80.55,879315
10/10/2017 16:00:00,80.49,80.98,80.39,80.82,1545982
11/10/2017 16:00:00,80.69,80.99,80.69,80.83,1286411
12/10/2017 16:00:00,80.81,80.94,80.06,80.21,1519770
13/10/2017 16:00:00,80.34,80.99,80.26,80.71,1686513
16/10/2017 16:00:00,80.78,81.1,80.64,80.73,1159538
17/10/2017 16:00:00,80.76,81.12,80.61,80.72,1581059
18/10/2017 16:00:00,80.9,81.12,80.65,80.65,1012260
19/10/2017 16:00:00,80.3,81.11,80.26,80.92,1408934
20/10/2017 16:00:00,81.15,81.51,80.82,80.95,1354984
23/10/2017 16:00:00,81.2,81.51,81.1,81.26,1213811
24/10/2017 16:00:00,81.49,82.05,81.46,82.01,1460870
25/10/2017 16:00:00,82.05,82.6,81.95,82.25,2025537
26/10/2017 16:00:00,82.41,82.91,82.35,82.6,1332946
27/10/2017 16:00:00,82.6,82.88,82.35,82.86,1872096
30/10/2017 16:00:00,82.78,83.35,82.71,82.87,1434690
31/10/2017 16:00:00,83.09,83.85,83.05,83.28,1674452
01/11/2017 16:00:00,83.59,83.63,83.04,83.09,1844276
02/11/2017 16:00:00,83.2,83.75,83.08,83.65,1286031
03/11/2017 16:00:00,83.45,83.74,83.32,83.65,804629
06/11/2017 16:00:00,83.72,83.95,83.5,83.67,980156
07/11/2017 16:00:00,83.51,83.78,83.39,83.74,719399
08/11/2017 16:00:00,83.74,83.86,83.41,83.76,765889
09/11/2017 16:00:00,83.48,83.64,83.1,83.59,1059063
10/11/2017 16:00:00,83.54,83.62,82.71,83.18,1042563
13/11/2017 16:00:00,82.74,83.49,82.74,83.2,798169
14/11/2017 16:00:00,82.8,83.18,82.68,83.14,1296465
15/11/2017 16:00:00,82.77,83.35,82.73,83.23,1637370
16/11/2017 16:00:00,83.49,84.06,83.46,83.99,1257378
17/11/2017 16:00:00,84.04,84.7,83.85,84.59,1125756
20/11/2017 16:00:00,84.46,85.2,84.36,84.87,1606743
21/11/2017 16:00:00,85.22,85.5,84.09,84.12,1929602
22/11/2017 16:00:00,84.27,84.55,83.83,84,1457424
23/11/2017 16:00:00,84.14,84.25,83.6,83.81,551161
24/11/2017 16:00:00,83.99,84.22,83.69,83.73,900274
27/11/2017 16:00:00,83.94,84.31,83.45,83.48,1712579
28/11/2017 16:00:00,82.5,82.52,81.25,81.73,4038692
29/11/2017 16:00:00,82.3,82.35,81.56,81.7,1735134
30/11/2017 16:00:00,81.89,83.05,81.51,81.51,2973208
01/12/2017 16:00:00,81.72,82.04,81.49,81.84,1739702
04/12/2017 16:00:00,82.32,82.32,81.55,81.62,1794399
05/12/2017 16:00:00,81.65,81.82,80.87,81.14,1713918
06/12/2017 16:00:00,80.8,82.1,80.79,81.81,1695239
07/12/2017 16:00:00,82.25,82.87,81.92,82.78,2091622
08/12/2017 16:00:00,82.91,83.79,82.83,83.6,1517988
11/12/2017 16:00:00,83.68,83.68,83.08,83.24,1154819
12/12/2017 16:00:00,83.35,83.42,82.83,82.83,2132266
13/12/2017 16:00:00,83.16,83.29,82.81,82.99,1571754
14/12/2017 16:00:00,82.92,83.23,82.33,82.44,1535254
15/12/2017 16:00:00,82.65,82.91,82.1,82.16,6182870
18/12/2017 16:00:00,82.43,83.01,82.33,82.56,1296218
19/12/2017 16:00:00,82.8,82.91,82.33,82.37,1314993
20/12/2017 16:00:00,82.55,82.64,81.94,82.17,1327157
21/12/2017 16:00:00,82.2,82.72,82.14,82.41,1164857
22/12/2017 16:00:00,82.45,82.45,82.15,82.29,886994
27/12/2017 16:00:00,82.35,82.35,81.58,81.71,2106780
28/12/2017 16:00:00,81.85,82.01,81.26,81.8,1284157
29/12/2017 16:00:00,81.05,81.51,80.9,81.12,1641386
02/01/2018 16:00:00,80.97,81.74,80.79,81.48,1678503
03/01/2018 16:00:00,81.53,81.9,81.52,81.64,1270269
04/01/2018 16:00:00,81.71,82.16,81.43,81.9,1648328
05/01/2018 16:00:00,82,82.65,81.6,82.5,1772567
08/01/2018 16:00:00,82.38,82.94,82.3,82.46,1369649
09/01/2018 16:00:00,82.85,82.95,82.62,82.87,1436202
10/01/2018 16:00:00,82.8,83.22,82.42,82.6,2285640
11/01/2018 16:00:00,82.6,82.65,82.23,82.44,1141932
12/01/2018 16:00:00,82.27,82.53,81.9,82.11,2206049
15/01/2018 16:00:00,82.27,82.27,81.61,81.71,832682
16/01/2018 16:00:00,81.89,81.92,81.11,81.47,2183339
17/01/2018 16:00:00,81.59,81.83,81.19,81.6,1894456
18/01/2018 16:00:00,81.77,82,81.43,81.65,1820632
19/01/2018 16:00:00,81.82,82.26,81.76,81.99,2837505
22/01/2018 16:00:00,82.21,82.4,81.94,82.35,3064042
23/01/2018 16:00:00,82.25,82.65,81.79,82.06,2463960
24/01/2018 16:00:00,82.07,82.1,81.47,81.82,2292697
25/01/2018 16:00:00,81.91,82.16,81.37,81.84,1910903
26/01/2018 16:00:00,81.85,81.87,81.24,81.71,1506284
29/01/2018 16:00:00,81.54,81.69,81.3,81.5,1923677
30/01/2018 16:00:00,81.11,81.84,81.1,81.84,2677575
31/01/2018 16:00:00,81.55,81.9,81.35,81.72,1967245
01/02/2018 16:00:00,81.71,81.72,80.31,80.75,2332779
02/02/2018 16:00:00,80.37,80.81,79.89,80.01,2242796
05/02/2018 16:00:00,79.29,79.57,77.71,78.08,3002216
06/02/2018 16:00:00,76.22,78.47,75.51,78.14,3147287
07/02/2018 16:00:00,78.49,78.5,77.61,77.61,2167363
08/02/2018 16:00:00,77.79,77.79,76.22,76.22,3762518
09/02/2018 16:00:00,76.47,76.81,75.2,76.61,2858744
12/02/2018 16:00:00,77.5,77.6,76.53,77.02,3963135
13/02/2018 16:00:00,77.01,77.17,76.27,76.87,3237491
14/02/2018 16:00:00,76.82,78.13,76.34,77.73,2523278
15/02/2018 16:00:00,78.6,78.6,77.34,77.46,1880258
16/02/2018 16:00:00,77.59,77.61,77.07,77.21,1699420
20/02/2018 16:00:00,77.37,77.59,76.58,77.1,1745028
21/02/2018 16:00:00,77.39,78.24,77.32,78.01,1874383
22/02/2018 16:00:00,78.5,78.5,77.57,77.8,2214058
23/02/2018 16:00:00,78.06,78.41,77.73,78.39,1215734
26/02/2018 16:00:00,78.74,79.48,78.61,78.79,2145589
27/02/2018 16:00:00,79.66,80.12,79.26,79.88,2731921
28/02/2018 16:00:00,80.01,80.33,79.45,79.5,3334169
01/03/2018 16:00:00,79.78,79.78,78.79,79.32,2144338
02/03/2018 16:00:00,78.65,79.26,78.48,78.9,1354008
05/03/2018 16:00:00,78.48,79.41,78.17,79,1652071
06/03/2018 16:00:00,79.25,79.55,79.01,79.28,1825673
07/03/2018 16:00:00,79,79.9,78.88,79.38,1535434
08/03/2018 16:00:00,79.74,80.07,79.5,80.04,2443149
09/03/2018 16:00:00,80.35,80.89,79.67,80.75,1736587
12/03/2018 16:00:00,80.82,81.38,80.58,80.75,2173124
13/03/2018 16:00:00,81.01,81.62,80.76,81.28,2451618
14/03/2018 16:00:00,81.72,81.89,81.26,81.88,1771200
15/03/2018 16:00:00,81.89,82.47,81.73,82.1,1956526
16/03/2018 16:00:00,82.09,82.7,82.09,82.53,8487781
19/03/2018 16:00:00,82.24,82.57,81.62,82.33,2138781
20/03/2018 16:00:00,82.28,82.44,81.91,81.91,1818381
21/03/2018 16:00:00,81.88,82.16,81.56,81.56,2200452
22/03/2018 16:00:00,81.12,81.2,80.23,80.6,1928951
23/03/2018 16:00:00,80.55,80.9,79.04,79.27,1870105
26/03/2018 16:00:00,80,80,78.91,79.19,1353684
27/03/2018 16:00:00,79.21,79.28,78.2,78.62,1913375
28/03/2018 16:00:00,78.59,79.05,77.94,78.47,1557559
29/03/2018 16:00:00,78.94,79.63,78.49,79.36,2101884
02/04/2018 16:00:00,78.44,78.48,77.1,77.75,1318661
03/04/2018 16:00:00,77.97,78.1,76.98,77.54,1449930
04/04/2018 16:00:00,76.89,77.03,76.38,76.89,2070737
05/04/2018 16:00:00,77.46,77.98,77.12,77.72,1784747
06/04/2018 16:00:00,77,77.63,76.71,77.04,1434733
09/04/2018 16:00:00,77.39,77.83,77.17,77.4,1921913
10/04/2018 16:00:00,78.06,78.14,77.38,77.6,1249369
11/04/2018 16:00:00,77.31,77.76,76.94,77.16,1328222
12/04/2018 16:00:00,77.16,77.5,76.79,76.85,1517320
13/04/2018 16:00:00,77.36,77.37,76.31,76.47,1512068
16/04/2018 16:00:00,76.75,76.75,76.15,76.47,1155452
17/04/2018 16:00:00,76.89,76.95,76.25,76.4,984731
18/04/2018 16:00:00,76.5,77.26,76.5,76.8,1506801
19/04/2018 16:00:00,76.73,76.91,76.07,76.39,1322265
20/04/2018 16:00:00,76.4,77.07,76.39,76.86,1389943
23/04/2018 16:00:00,77.2,77.58,77,77.46,1218648
24/04/2018 16:00:00,77.89,78.11,77.33,77.52,1341824
25/04/2018 16:00:00,77.59,78,77.32,77.66,1280336
26/04/2018 16:00:00,77.85,79.03,77.58,78.62,1965658
27/04/2018 16:00:00,78.61,79.32,78.61,79.21,893484
30/04/2018 16:00:00,79.21,79.73,78.88,78.92,1919767
01/05/2018 16:00:00,78.77,78.99,78.48,78.86,892520
02/05/2018 16:00:00,78.99,79.3,78.86,79.08,1087680
03/05/2018 16:00:00,79,79.25,78.17,78.75,1381466
04/05/2018 16:00:00,78.74,79.31,78.35,78.94,1173176
07/05/2018 16:00:00,78.9,79.43,78.85,79.35,1313268
08/05/2018 16:00:00,79.47,79.68,79.02,79.55,1746947
09/05/2018 16:00:00,79.93,80,79.07,80,3869274
10/05/2018 16:00:00,80.09,80.31,79.78,79.95,2958547
11/05/2018 16:00:00,80.05,80.3,79.96,80.02,2018423
14/05/2018 16:00:00,80.25,80.64,80.1,80.48,2518157
15/05/2018 16:00:00,80.48,80.78,80.24,80.46,2167816
16/05/2018 16:00:00,80.34,80.79,80.28,80.78,1729803
17/05/2018 16:00:00,80.78,80.78,80.37,80.54,1712353
18/05/2018 16:00:00,80.43,80.56,79.71,80.31,1774064
22/05/2018 16:00:00,80.49,80.73,80.29,80.36,1496341
23/05/2018 16:00:00,79.85,80.34,79.73,80.29,1438607
24/05/2018 16:00:00,80.46,80.64,79.58,80.22,1636184
25/05/2018 16:00:00,80.04,80.79,80.02,80.03,1359276
28/05/2018 16:00:00,80.28,80.4,79.8,79.94,548552
29/05/2018 16:00:00,79.07,79.25,76.67,76.96,4399872
30/05/2018 16:00:00,77.59,77.83,77.19,77.83,1992483
31/05/2018 16:00:00,77.85,78.25,77.33,78.24,2312410
01/06/2018 16:00:00,76.75,77.51,76.75,76.96,3968535
04/06/2018 16:00:00,77.15,77.39,76.84,76.91,2126548
05/06/2018 16:00:00,76.98,76.98,76.3,76.37,2756279
06/06/2018 16:00:00,76.58,76.61,75.83,76.46,2564781
07/06/2018 16:00:00,76.58,76.7,76.1,76.18,1905283
08/06/2018 16:00:00,76.23,76.39,75.99,76.36,1601186
11/06/2018 16:00:00,76.3,76.35,75.7,75.86,2930245
12/06/2018 16:00:00,76.09,76.1,75.55,75.72,2563467
13/06/2018 16:00:00,75.79,76.15,75.47,76.13,2465414
14/06/2018 16:00:00,76.4,76.42,75.86,75.98,2192675
15/06/2018 16:00:00,75.91,76.23,75.71,75.98,6778956
18/06/2018 16:00:00,76.1,76.16,75.76,76.15,1878947
19/06/2018 16:00:00,75.93,76.05,75.55,75.91,2156851
20/06/2018 16:00:00,76.2,76.46,76.08,76.27,2215387
21/06/2018 16:00:00,76.44,76.86,76.27,76.8,1913141
22/06/2018 16:00:00,76.99,77.3,76.92,77,1858163
25/06/2018 16:00:00,76.98,77,75.73,75.9,3498672
26/06/2018 16:00:00,76.05,76.19,75.53,75.72,3001497
27/06/2018 16:00:00,76.01,76.1,75.58,75.62,2423796
28/06/2018 16:00:00,75.55,75.55,74.78,75.06,2513337
29/06/2018 16:00:00,74.35,74.69,74,74.44,3045369
03/07/2018 16:00:00,74.63,74.76,73.91,74.17,2265362
04/07/2018 16:00:00,74.25,74.48,73.93,74.36,781157
05/07/2018 16:00:00,74.58,75.01,74.33,74.9,1676879
06/07/2018 16:00:00,74.84,75.14,74.66,75.1,1284551
09/07/2018 16:00:00,75.44,75.45,75.11,75.19,1301791
10/07/2018 16:00:00,75.45,75.47,75.06,75.18,1704130
11/07/2018 16:00:00,75.05,75.14,74.76,74.97,2407011
12/07/2018 16:00:00,75.1,75.65,75.09,75.47,2181727
13/07/2018 16:00:00,75.5,75.54,75.23,75.47,1741807
16/07/2018 16:00:00,75.56,76.07,75.42,75.99,1749616
17/07/2018 16:00:00,75.99,76.44,75.87,76.15,1589665
18/07/2018 16:00:00,76.21,76.35,75.98,75.99,1171030
19/07/2018 16:00:00,76.04,76.33,75.9,76.17,1196518
20/07/2018 16:00:00,76.12,76.18,75.85,75.98,1323464
23/07/2018 16:00:00,75.92,76.18,75.86,76.11,980471
24/07/2018 16:00:00,76.15,76.69,76.15,76.42,1421308
25/07/2018 16:00:00,76.31,76.67,76.1,76.58,1855771
26/07/2018 16:00:00,76.48,76.57,76.33,76.43,1089635
27/07/2018 16:00:00,76.31,76.69,76.31,76.58,1455731
30/07/2018 16:00:00,76.76,77.11,76.71,76.8,1338215
31/07/2018 16:00:00,76.8,77.18,76.75,77.09,2297695
01/08/2018 16:00:00,77.15,77.39,76.85,77.05,1234691
02/08/2018 16:00:00,76.85,77.12,76.2,76.99,1172576
03/08/2018 16:00:00,76.9,77.05,76.71,76.9,863271
07/08/2018 16:00:00,77.25,77.28,76.16,76.37,2156924
08/08/2018 16:00:00,76.22,76.82,76.14,76.61,1159363
09/08/2018 16:00:00,76.77,77.05,76.61,77.02,1649558
10/08/2018 16:00:00,76.62,76.67,76.14,76.33,1487676
13/08/2018 16:00:00,76.24,76.64,76.15,76.18,1189303
14/08/2018 16:00:00,76.33,76.92,76.21,76.86,1374550
15/08/2018 16:00:00,76.35,76.55,76.11,76.33,2208516
16/08/2018 16:00:00,76.57,76.93,76.55,76.62,2190984
17/08/2018 16:00:00,76.61,77.6,76.46,77.42,2275063
20/08/2018 16:00:00,77.6,77.98,77.49,77.69,1584546
21/08/2018 16:00:00,77.8,78.19,77.48,77.5,1981717
22/08/2018 16:00:00,77.63,78,77.54,77.93,1979901
23/08/2018 16:00:00,77.95,78.27,77.87,77.92,1829582
24/08/2018 16:00:00,78,78.13,77.77,77.84,1036411
27/08/2018 16:00:00,78.19,78.6,78,78.3,1623755
28/08/2018 16:00:00,77.9,77.98,76.43,76.89,3748010
29/08/2018 16:00:00,76.82,76.86,75.85,75.93,3421623
30/08/2018 16:00:00,76.09,76.19,75.71,75.74,4960006
31/08/2018 16:00:00,75.85,75.98,75.5,75.53,2671671
04/09/2018 16:00:00,75.41,75.58,74.78,75.19,2575273
05/09/2018 16:00:00,75.03,75.42,74.8,74.95,2418422
06/09/2018 16:00:00,74.95,75.55,74.62,75.24,3058273
07/09/2018 16:00:00,75.2,75.2,74.72,75.01,1804826
10/09/2018 16:00:00,75.1,75.21,74.84,74.91,1774429
11/09/2018 16:00:00,74.95,75.69,74.76,75.64,2225674
12/09/2018 16:00:00,75.55,75.61,74.95,74.96,2733449
13/09/2018 16:00:00,75.35,75.42,75.06,75.12,1537338
14/09/2018 16:00:00,75.22,75.55,75.09,75.43,1429951
17/09/2018 16:00:00,75.43,76.1,75.31,76.1,1801085
18/09/2018 16:00:00,76.2,76.77,75.87,76.62,1738102
19/09/2018 16:00:00,76.72,77.09,76.31,76.79,2141692
20/09/2018 16:00:00,77,77.72,77,77.58,2955314
21/09/2018 16:00:00,77.69,78.14,77.68,78,7340990
24/09/2018 16:00:00,78.25,78.25,77.71,77.8,1794010
25/09/2018 16:00:00,77.95,78.04,77.11,77.11,2402440
26/09/2018 16:00:00,77.15,77.92,77.15,77.58,2065753
27/09/2018 16:00:00,77.72,78.12,77.63,77.68,1746044
28/09/2018 16:00:00,77.69,77.69,76.91,76.99,2634716
01/10/2018 16:00:00,76.99,77.15,75.78,76.19,1905198
02/10/2018 16:00:00,76.05,76.08,75.23,75.49,2113407
03/10/2018 16:00:00,75.69,75.81,75.29,75.47,1917012
04/10/2018 16:00:00,75.39,75.54,74.64,75.08,3024562
05/10/2018 16:00:00,75.09,75.64,75,75.27,2137721
09/10/2018 16:00:00,75.12,75.2,74.4,74.49,2575315
10/10/2018 16:00:00,74.36,74.71,73.83,73.83,2390188
11/10/2018 16:00:00,73.35,73.4,71.97,71.99,5477594
12/10/2018 16:00:00,72.94,72.94,71.46,71.71,3933042
15/10/2018 16:00:00,71.94,71.94,71.08,71.1,2314257
16/10/2018 16:00:00,71.38,71.83,70.99,71.83,2366812
17/10/2018 16:00:00,72.15,72.24,71.45,72.23,2132229
18/10/2018 16:00:00,72.2,72.2,71.06,71.42,2377995
19/10/2018 16:00:00,71.6,71.88,71.1,71.17,1682453
22/10/2018 16:00:00,71.28,71.34,70.73,70.85,2012012
23/10/2018 16:00:00,70.17,71.02,69.59,70.76,4027098
24/10/2018 16:00:00,70.7,70.7,69.01,69.15,3007210
25/10/2018 16:00:00,69.76,70.55,69.31,70.14,2831356
26/10/2018 16:00:00,69.64,70.14,69.02,69.99,2462605
29/10/2018 16:00:00,70.59,70.88,69.3,69.52,2904432
30/10/2018 16:00:00,69.61,70.23,69.3,69.99,2806891
31/10/2018 16:00:00,70.85,71.19,70.65,70.65,2399653
01/11/2018 16:00:00,71.09,71.09,70.12,70.73,2356179
02/11/2018 16:00:00,71.3,71.49,70.54,71.09,2461963
05/11/2018 16:00:00,71.11,71.49,70.89,70.97,1663278
06/11/2018 16:00:00,70.81,71.21,70.46,71.16,1637651
07/11/2018 16:00:00,71.39,71.39,70.77,70.99,2162241
08/11/2018 16:00:00,71.04,71.5,70.85,71.5,1645686
09/11/2018 16:00:00,71.2,71.47,70.31,70.79,2312248
12/11/2018 16:00:00,70.77,70.78,70.32,70.41,1020738
13/11/2018 16:00:00,70.47,71.39,70.47,70.92,2152730
14/11/2018 16:00:00,71.25,71.55,70.68,71.09,1516561
15/11/2018 16:00:00,70.94,71.23,70.52,71.09,1654727
16/11/2018 16:00:00,70.65,71.07,70.55,70.97,1289246
19/11/2018 16:00:00,71.07,71.09,70.31,70.76,1209920
20/11/2018 16:00:00,70.29,70.33,69.37,69.67,2267073
21/11/2018 16:00:00,70.06,71.06,69.83,70.28,2183337
22/11/2018 16:00:00,70.3,70.56,69.82,70.05,1316262
23/11/2018 16:00:00,69.68,70.18,69.61,70.18,1570423
26/11/2018 16:00:00,70.45,70.61,70.09,70.09,2675690
27/11/2018 16:00:00,70,70.47,69.62,70.15,3363844
28/11/2018 16:00:00,70.5,72.2,70.4,72.13,5340631
29/11/2018 16:00:00,72.02,72.94,71.98,72.8,4196506
30/11/2018 16:00:00,72.85,72.94,72.1,72.3,5076599
03/12/2018 16:00:00,73.1,73.17,72.15,72.57,2309567
04/12/2018 16:00:00,72.05,72.33,71.32,71.67,4040693
05/12/2018 16:00:00,71.84,72.78,71.83,72.13,1737979
06/12/2018 16:00:00,71.25,71.53,70.32,71.43,3612369
07/12/2018 16:00:00,71.4,71.97,71.17,71.6,5379535
10/12/2018 16:00:00,71.57,72.07,71.53,71.83,3626941
11/12/2018 16:00:00,72.2,73.08,71.48,71.48,4063215
12/12/2018 16:00:00,72.24,72.7,71.67,72.23,3620591
13/12/2018 16:00:00,72.34,72.95,71.84,72.05,3553101
14/12/2018 16:00:00,71.53,72.32,71.53,72,3799098
17/12/2018 16:00:00,71.92,72.2,71.33,71.64,3174684
18/12/2018 16:00:00,71.59,71.97,70.89,71.2,6185964
19/12/2018 16:00:00,71.1,71.6,69.79,69.94,3207936
20/12/2018 16:00:00,69.75,70.01,69.07,69.22,2727634
21/12/2018 16:00:00,69.36,69.36,67.09,67.09,9202067
24/12/2018 14:30:00,66.75,67.54,66.36,66.84,2258471
27/12/2018 16:00:00,68.05,68.3,67.17,68.26,3246830
28/12/2018 16:00:00,68.77,69.44,68.41,68.8,4278488
31/12/2018 16:00:00,68.03,68.44,67.72,68.05,2075042
02/01/2019 16:00:00,67.39,68.55,67.32,68.27,2736844
03/01/2019 16:00:00,68,68.11,67.26,67.83,2023645
04/01/2019 16:00:00,68.51,68.7,68.17,68.56,1382470
07/01/2019 16:00:00,68.86,68.95,68.29,68.76,2242289
08/01/2019 16:00:00,69.24,69.52,68.59,69.25,2237985
09/01/2019 16:00:00,69.48,70.55,69.27,70.47,2264707
10/01/2019 16:00:00,70.37,71.21,70.15,71.2,2486664
11/01/2019 16:00:00,71.1,71.4,70.78,71.37,1958152
14/01/2019 16:00:00,71.25,71.7,71.01,71.28,2646822
15/01/2019 16:00:00,71.3,71.68,70.72,71.57,1393369
16/01/2019 16:00:00,71.85,72.52,71.61,72.27,1976463
17/01/2019 16:00:00,72.14,73.3,72.08,73.1,2105268
18/01/2019 16:00:00,73.61,73.94,73.27,73.34,2334448
21/01/2019 16:00:00,73.49,73.81,72.85,73.77,720127
22/01/2019 16:00:00,73.48,73.8,73.05,73.8,1811850
23/01/2019 16:00:00,73.84,74.04,73.02,73.37,1897962
24/01/2019 16:00:00,73.2,73.6,72.95,73.49,1803954
25/01/2019 16:00:00,73.82,73.85,73.28,73.57,1344463
28/01/2019 16:00:00,73.34,73.79,73.24,73.78,3508035
29/01/2019 16:00:00,73.77,74.66,73.77,74.32,2317413
30/01/2019 16:00:00,74.47,74.72,74.34,74.47,1466726
31/01/2019 16:00:00,74.35,74.87,74.28,74.8,2633262
01/02/2019 16:00:00,74.69,74.74,73.81,73.82,1970788
04/02/2019 16:00:00,74.25,74.47,73.84,74.23,1940811
05/02/2019 16:00:00,74.26,74.58,73.98,74.54,1711090
06/02/2019 16:00:00,74.4,74.98,74.38,74.61,2140093
07/02/2019 16:00:00,74.76,74.95,74.26,74.83,1779250
08/02/2019 16:00:00,74.45,74.75,73.88,74.48,1599453
11/02/2019 16:00:00,74.61,74.82,74.09,74.48,1849544
12/02/2019 16:00:00,74.6,74.82,74.52,74.62,1519129
13/02/2019 16:00:00,74.8,74.92,74.46,74.59,1172495
14/02/2019 16:00:00,74.45,74.57,73.94,74.32,1655011
15/02/2019 16:00:00,74.54,75.09,74.4,74.77,3252142
19/02/2019 16:00:00,74.76,74.95,74.39,74.89,1749046
20/02/2019 16:00:00,74.87,75.76,74.81,75.58,1924173
21/02/2019 16:00:00,75.52,75.71,75.25,75.5,3297615
22/02/2019 16:00:00,75.41,75.75,75.31,75.38,1218701
25/02/2019 16:00:00,75.58,75.92,75.41,75.42,2002924
26/02/2019 16:00:00,73.47,73.82,72.79,73.17,7766805
27/02/2019 16:00:00,73.17,73.2,72.63,72.72,3221979
28/02/2019 16:00:00,72.5,73.26,72.38,73.14,4734652
01/03/2019 16:00:00,73.6,73.68,72.6,72.67,2659128
04/03/2019 16:00:00,72.97,73.24,72.57,72.76,2566019
05/03/2019 16:00:00,72.82,73,72.14,72.43,4038142
06/03/2019 16:00:00,72.44,72.96,72.25,72.72,3423930
07/03/2019 16:00:00,72.63,72.77,72.05,72.37,2652295
08/03/2019 16:00:00,72,72.56,71.47,72.25,2995685
11/03/2019 16:00:00,72.35,72.85,72.05,72.53,6345480
12/03/2019 16:00:00,72.78,72.92,72.36,72.83,4523915
13/03/2019 16:00:00,72.98,73.2,72.66,72.76,4017227
14/03/2019 16:00:00,72.82,72.96,72.58,72.86,1330688
15/03/2019 16:00:00,73.22,73.37,73,73.09,7927680
18/03/2019 16:00:00,73.19,73.7,72.94,73.7,1789532
19/03/2019 16:00:00,73.86,73.96,73.4,73.48,2972023
20/03/2019 16:00:00,73.37,73.38,72.73,72.78,1997228
21/03/2019 16:00:00,72.5,72.78,72.15,72.48,6782969
22/03/2019 16:00:00,72.11,72.18,71.19,71.39,5226775
25/03/2019 16:00:00,71.29,71.44,70.55,70.79,6084080
26/03/2019 16:00:00,71.19,71.3,70.43,70.62,5831585
27/03/2019 16:00:00,70.47,70.98,70.47,70.78,5939416
28/03/2019 16:00:00,70.72,71.39,70.7,71.29,3230222
29/03/2019 16:00:00,71.69,71.69,71.07,71.14,3674803
01/04/2019 16:00:00,70.79,71.21,70.55,71.15,1997666
02/04/2019 16:00:00,71.15,71.17,70.68,70.82,1939365
03/04/2019 16:00:00,71,71.29,70.89,71.1,3038287
04/04/2019 16:00:00,71.12,71.55,71.02,71.3,4106455
05/04/2019 16:00:00,71.4,71.5,71.1,71.37,1438168
08/04/2019 16:00:00,71.18,71.26,70.88,71.24,2181907
09/04/2019 16:00:00,70.91,71.09,70.59,71.05,1767957
10/04/2019 16:00:00,71.13,71.44,70.88,71.35,1484328
11/04/2019 16:00:00,71.32,71.82,71.26,71.26,2388365
12/04/2019 16:00:00,71.68,71.98,71.42,71.78,1709646
15/04/2019 16:00:00,71.74,72.19,71.61,72.04,1525448
16/04/2019 16:00:00,72.13,72.72,72.01,72.54,1745741
17/04/2019 16:00:00,72.72,72.88,72.51,72.85,2577480
18/04/2019 16:00:00,72.86,73.28,72.83,73.16,2012319
22/04/2019 16:00:00,73,73.07,72.46,72.6,4008238
23/04/2019 16:00:00,72.67,73.21,72.45,73.16,3863718
24/04/2019 16:00:00,72.95,73.08,72.53,72.59,2005053
25/04/2019 16:00:00,72.59,73.11,72.37,72.9,2775443
26/04/2019 16:00:00,72.85,73.43,72.71,73.41,4987448
29/04/2019 16:00:00,73.39,74,73.38,73.59,3960103
30/04/2019 16:00:00,73.51,73.91,73.51,73.78,3167306
01/05/2019 16:00:00,73.82,74.16,73.44,73.67,2052245
02/05/2019 16:00:00,73.74,73.85,73.05,73.18,1837571
03/05/2019 16:00:00,73.3,73.68,73.1,73.41,1600248
06/05/2019 16:00:00,72.81,73.46,72.48,73.46,2988173
07/05/2019 16:00:00,72.88,72.98,72.52,72.93,2421344
08/05/2019 16:00:00,72.86,72.87,72.43,72.44,1677820
09/05/2019 16:00:00,72.21,72.35,71.85,72.06,2037276
10/05/2019 16:00:00,71.95,72.5,71.4,72.33,3350311
13/05/2019 16:00:00,71.7,71.78,70.84,71.14,2802746
14/05/2019 16:00:00,71.17,71.66,71.08,71.37,1643204
15/05/2019 16:00:00,71.05,71.31,70.97,71.1,1521363
16/05/2019 16:00:00,71.33,71.68,71.13,71.53,1841298
17/05/2019 16:00:00,71.31,71.49,71.11,71.45,1309955
21/05/2019 16:00:00,71.4,72,71.3,71.79,1994772
22/05/2019 16:00:00,71.59,71.59,70.93,71.28,2831782
23/05/2019 16:00:00,70.81,70.94,70.07,70.5,3368051
24/05/2019 16:00:00,70.65,70.84,70.54,70.6,1860074
27/05/2019 16:00:00,70.77,70.96,70.48,70.57,1269241
28/05/2019 16:00:00,69.71,70.29,68.69,70.15,4837315
29/05/2019 16:00:00,69.75,70.14,69.49,69.85,3046247
30/05/2019 16:00:00,69.8,69.86,69,69.4,3191759
31/05/2019 16:00:00,68.83,69.01,68.36,68.56,3267394
03/06/2019 16:00:00,68.6,69.55,68.55,69.21,3596325
04/06/2019 16:00:00,69.69,70.13,69.24,70.07,3381364
05/06/2019 16:00:00,70.3,70.34,69.52,69.95,2463407
06/06/2019 16:00:00,69.81,70.23,69.8,70.03,1780224
07/06/2019 16:00:00,70.01,70.66,70.01,70.4,1720847
10/06/2019 16:00:00,70.74,70.88,70.49,70.72,1858844
11/06/2019 16:00:00,70.82,71.13,70.51,70.77,1675082
12/06/2019 16:00:00,70.61,70.81,70.19,70.22,2202410
13/06/2019 16:00:00,70.35,70.42,70.03,70.33,2045616
14/06/2019 16:00:00,70.2,70.82,69.99,70.59,1458170
17/06/2019 16:00:00,70.61,70.96,70.53,70.61,1099486
18/06/2019 16:00:00,70.76,71.42,70.75,71.16,2533420
19/06/2019 16:00:00,71.28,71.7,71.26,71.26,2049012
20/06/2019 16:00:00,71.47,71.66,71.02,71.38,1403351
21/06/2019 16:00:00,71.34,71.68,71.28,71.51,6322104
24/06/2019 16:00:00,71.51,71.95,71.47,71.69,4656793
25/06/2019 16:00:00,71.64,71.73,71.27,71.36,2019071
26/06/2019 16:00:00,71.42,71.6,70.92,71.13,3584673
27/06/2019 16:00:00,71.18,71.57,70.92,70.98,4410815
28/06/2019 16:00:00,70.25,70.5,70.05,70.34,3773963
02/07/2019 16:00:00,71.05,71.05,70.5,70.77,1724285
03/07/2019 16:00:00,70.8,71.24,70.72,71.16,1295063
04/07/2019 16:00:00,71.12,71.48,71.04,71.2,2285418
05/07/2019 16:00:00,71.2,71.33,70.87,70.98,2557260
08/07/2019 16:00:00,70.7,70.99,70.57,70.87,3781035
09/07/2019 16:00:00,70.73,71.23,70.61,71.01,1437355
10/07/2019 16:00:00,70.99,71.37,70.59,70.78,1935614
11/07/2019 16:00:00,70.75,70.95,70.32,70.52,2124752
12/07/2019 16:00:00,70.31,70.45,69.71,69.83,3075112
15/07/2019 16:00:00,69.82,69.95,69.18,69.49,1580632
16/07/2019 16:00:00,69.51,69.73,69.25,69.42,1494388
17/07/2019 16:00:00,69.5,69.54,69,69.07,1637842
18/07/2019 16:00:00,69.07,69.52,69.01,69.37,1632533
19/07/2019 16:00:00,69.67,69.8,69.28,69.37,1131416
22/07/2019 16:00:00,69.42,69.54,69.12,69.36,803699
23/07/2019 16:00:00,69.52,69.95,69.5,69.82,1226125
24/07/2019 16:00:00,69.72,70.4,69.6,70.29,1427234
25/07/2019 16:00:00,70.32,71.18,70.09,70.73,2006919
26/07/2019 16:00:00,70.8,71.07,70.5,70.54,1139312
29/07/2019 16:00:00,70.62,70.88,70.49,70.8,2572282
30/07/2019 16:00:00,70.53,70.6,70.14,70.48,2232090
31/07/2019 16:00:00,70.28,70.71,70.11,70.46,2637446
01/08/2019 16:00:00,70.42,70.96,69.91,70.07,2740590
02/08/2019 16:00:00,69.9,70.02,69.13,69.57,2257654
06/08/2019 16:00:00,68.81,68.89,67.89,68.54,3727116
07/08/2019 16:00:00,68.02,69.2,67.8,68.99,2077373
08/08/2019 16:00:00,69.28,69.83,68.89,69.37,1776892
09/08/2019 16:00:00,69.19,69.75,69.01,69.12,2457768
12/08/2019 16:00:00,68.8,69.08,68.51,68.81,1303632
13/08/2019 16:00:00,68.66,69.38,68.64,69.07,1603615
14/08/2019 16:00:00,68.5,68.66,67.53,67.71,2236638
15/08/2019 16:00:00,67.62,67.82,67.17,67.41,1707957
16/08/2019 16:00:00,68.24,68.25,67.6,67.72,1728722
19/08/2019 16:00:00,68.15,68.7,67.8,68.47,1758024
20/08/2019 16:00:00,68.39,68.54,67.75,67.93,1509065
21/08/2019 16:00:00,68.18,68.38,67.86,68.22,1512706
22/08/2019 16:00:00,68.17,68.74,68.16,68.48,1462962
23/08/2019 16:00:00,68.25,68.75,67.54,67.71,2155939
26/08/2019 16:00:00,68.06,68.44,67.65,67.77,1431743
27/08/2019 16:00:00,68.25,69.12,68.05,68.57,3063814
28/08/2019 16:00:00,68.34,69.71,68.29,69.33,2378826
29/08/2019 16:00:00,69.7,70.82,69.67,70.47,2364340
30/08/2019 16:00:00,70.79,71.09,70.69,70.8,2350725
03/09/2019 16:00:00,70.46,70.82,69.99,70.44,2978412
04/09/2019 16:00:00,70.86,71.31,70.72,71.02,2657890
05/09/2019 16:00:00,71.39,71.75,71.26,71.63,2631476
06/09/2019 16:00:00,71.61,72.24,71.45,72.08,1993434
09/09/2019 16:00:00,72.28,72.65,72.23,72.57,1583505
10/09/2019 16:00:00,72.57,73.11,72.51,72.92,2161347
11/09/2019 16:00:00,73.05,74.06,72.95,73.71,2444420
12/09/2019 16:00:00,73.57,74.57,73.46,74.26,2483103
13/09/2019 16:00:00,74.5,75.32,74.48,74.97,2988771
16/09/2019 16:00:00,74.64,74.74,74.02,74.47,1850149
17/09/2019 16:00:00,74.34,75.01,74.23,74.75,2973186
18/09/2019 16:00:00,74.72,75.01,74.52,74.58,2103859
19/09/2019 16:00:00,74.5,74.87,74.48,74.5,2532687
20/09/2019 16:00:00,74.6,75.2,74.5,74.75,8086270
23/09/2019 16:00:00,74.67,74.85,74.45,74.85,1735071
24/09/2019 16:00:00,75,75.75,74.99,75.33,3569330
25/09/2019 16:00:00,75.17,75.78,75.16,75.67,4185149
26/09/2019 16:00:00,75.67,76.25,75.67,76.14,7539125
27/09/2019 16:00:00,76.28,76.49,75.96,76.25,6634971
30/09/2019 16:00:00,75.36,75.78,75.25,75.25,4520894
01/10/2019 16:00:00,75.3,75.65,74.2,74.6,2761373
02/10/2019 16:00:00,74,74.31,73.51,73.93,4892311
03/10/2019 16:00:00,73.88,73.89,73.12,73.8,4403139
04/10/2019 16:00:00,73.84,74.37,73.5,74.25,2692081
07/10/2019 16:00:00,74.08,74.49,74.06,74.31,1883192
08/10/2019 16:00:00,73.95,74.34,73.85,74.2,3095624
09/10/2019 16:00:00,74.5,75,74.35,74.82,3443639
10/10/2019 16:00:00,74.68,75.24,74.64,74.81,2190838
11/10/2019 16:00:00,75,75.58,74.97,75.15,1871100
15/10/2019 16:00:00,75.3,76.17,75.3,75.58,2221907
16/10/2019 16:00:00,75.62,76.07,75.59,75.76,2194087
17/10/2019 16:00:00,75.78,75.86,75.27,75.49,1830949
18/10/2019 16:00:00,75.91,75.91,75.47,75.57,1455601
21/10/2019 16:00:00,75.71,75.84,74.9,75.29,2771468
22/10/2019 16:00:00,75.41,75.5,75.1,75.19,2187592
23/10/2019 16:00:00,75.18,75.34,74.91,75.09,1453136
24/10/2019 16:00:00,75.08,75.21,74.8,75.08,1312011
25/10/2019 16:00:00,74.82,75.31,74.82,75.13,1255453
28/10/2019 16:00:00,75.35,75.49,75.02,75.19,1489464
29/10/2019 16:00:00,75,75.75,75,75.55,2700752
30/10/2019 16:00:00,75.4,75.8,75.22,75.76,1524129
31/10/2019 16:00:00,75.59,75.83,75.25,75.54,1795886
01/11/2019 16:00:00,75.79,75.89,75.55,75.8,1874928
04/11/2019 16:00:00,75.96,76.43,75.96,76.22,2167614
05/11/2019 16:00:00,76.23,76.48,76.23,76.38,1567240
06/11/2019 16:00:00,76.35,76.5,76.11,76.47,1222941
07/11/2019 16:00:00,76.5,76.67,76.33,76.42,1648721
08/11/2019 16:00:00,76.4,76.55,76.15,76.5,1041270
11/11/2019 16:00:00,76.33,76.6,76.29,76.5,667225
12/11/2019 16:00:00,76.5,76.75,76.21,76.43,1404508
13/11/2019 16:00:00,76.18,76.35,75.97,76.07,1610768
14/11/2019 16:00:00,76.1,76.14,75.88,76.1,1217051
15/11/2019 16:00:00,76.14,76.19,75.94,76.01,1934930
18/11/2019 16:00:00,75.86,76.41,75.86,76.28,1499708
19/11/2019 16:00:00,76.35,76.6,76.28,76.5,1859007
20/11/2019 16:00:00,76.4,76.46,76.19,76.22,1699000
21/11/2019 16:00:00,76.31,76.32,75.84,76.02,1987923
22/11/2019 16:00:00,76.1,76.18,75.48,75.56,2259416
25/11/2019 16:00:00,75.72,75.99,75.53,75.8,2365355
26/11/2019 16:00:00,75.51,76.17,74.75,75.18,3212016
27/11/2019 16:00:00,75.11,75.48,74.9,74.92,2086023
28/11/2019 16:00:00,74.9,75.19,74.8,74.92,1059120
29/11/2019 16:00:00,74.93,75.12,74.51,74.94,1921494
02/12/2019 16:00:00,74.91,74.93,74.35,74.68,2516987
03/12/2019 16:00:00,74.2,74.25,73.59,73.94,2419096
04/12/2019 16:00:00,73.63,74.22,73.63,74.2,1810133
05/12/2019 16:00:00,74.38,74.93,74,74.9,3075048
06/12/2019 16:00:00,75.11,75.59,75,75.21,1854650
09/12/2019 16:00:00,74.95,75.18,74.67,74.96,1724033
10/12/2019 16:00:00,74.9,74.95,74.19,74.67,1766504
11/12/2019 16:00:00,74.58,74.87,74.44,74.59,1686913
12/12/2019 16:00:00,74.46,75.26,74.46,74.71,1870378
13/12/2019 16:00:00,74.78,74.78,73.6,73.82,5222470
16/12/2019 16:00:00,73.93,74.36,73.93,74.05,1392369
17/12/2019 16:00:00,74.18,74.5,73.78,74.48,2758414
18/12/2019 16:00:00,74.39,74.43,73.35,73.61,3949980
19/12/2019 16:00:00,73.75,73.84,73.28,73.31,3862982
20/12/2019 16:00:00,73.36,73.97,73.36,73.67,7547481
23/12/2019 16:00:00,73.78,73.82,73.29,73.47,1913420
24/12/2019 13:30:00,73.33,73.42,73.02,73.42,793014
27/12/2019 16:00:00,73.38,73.52,73.2,73.52,3339954
30/12/2019 16:00:00,73.49,73.57,73.13,73.36,3216638
31/12/2019 16:00:00,73.24,73.44,73.03,73.35,3000905
02/01/2020 16:00:00,73.65,73.8,73.43,73.66,4401631
03/01/2020 16:00:00,73.25,73.67,73.09,73.59,5439180
06/01/2020 16:00:00,72.37,72.61,72.09,72.42,1564217
07/01/2020 16:00:00,72.2,72.39,71.65,71.74,4428561
08/01/2020 16:00:00,71.75,72.84,71.7,72.39,3991315
09/01/2020 16:00:00,72.65,72.82,72.12,72.28,2906201
10/01/2020 16:00:00,72.15,72.23,71.73,71.99,3267598
13/01/2020 16:00:00,72.06,72.28,71.81,72.28,4183871
14/01/2020 16:00:00,72.33,72.47,71.94,72.11,2526276
15/01/2020 16:00:00,71.97,72.29,71.82,72.29,2353181
16/01/2020 16:00:00,72.4,72.57,72.21,72.54,2074741
17/01/2020 16:00:00,72.63,72.74,72.33,72.48,2719252
20/01/2020 16:00:00,72.3,72.71,72.3,72.65,736138
21/01/2020 16:00:00,72.54,72.74,72.5,72.63,1346219
22/01/2020 16:00:00,72.63,73.47,72.49,73.35,2837104
23/01/2020 16:00:00,73.16,73.47,73.05,73.45,1787681
24/01/2020 16:00:00,73.47,73.66,73.07,73.34,1713744
27/01/2020 16:00:00,72.6,73.29,72.55,73.27,1604935
28/01/2020 16:00:00,73.39,73.49,73,73.11,1926241
29/01/2020 16:00:00,73.24,73.39,72.93,72.93,2680216
30/01/2020 16:00:00,72.55,73.01,72.3,72.6,2428693
31/01/2020 16:00:00,72.42,72.48,71.98,72.28,2692241
03/02/2020 16:00:00,72.41,72.66,72.25,72.28,2808330
04/02/2020 16:00:00,72.97,73.06,72.84,72.98,2969985
05/02/2020 16:00:00,73.34,73.48,73.01,73.3,2390771
06/02/2020 16:00:00,73.5,74.07,73.41,74.04,2617942
07/02/2020 16:00:00,73.8,74.42,73.76,74.35,3844446
10/02/2020 16:00:00,74.5,74.55,74.28,74.35,1309386
11/02/2020 16:00:00,74.45,74.55,74.28,74.28,2318172
12/02/2020 16:00:00,74.38,74.7,74.25,74.64,2241070
13/02/2020 16:00:00,74.41,74.74,74.32,74.69,2215306
14/02/2020 16:00:00,74.71,74.92,74.51,74.73,1144507
18/02/2020 16:00:00,74.64,74.82,74.38,74.62,2489899
19/02/2020 16:00:00,74.71,74.87,74.55,74.63,1528412
20/02/2020 16:00:00,74.57,74.88,74.52,74.63,1762758
21/02/2020 16:00:00,74.46,74.67,74.13,74.24,1685101
24/02/2020 16:00:00,73.01,73.54,72.92,73.15,2967183
25/02/2020 16:00:00,73.54,73.59,72.02,72.48,3567274
26/02/2020 16:00:00,72.46,73.5,72.3,72.5,3896497
27/02/2020 16:00:00,71.91,71.99,70.28,71.42,2810742
28/02/2020 16:00:00,69.95,71.15,68.85,70.22,6621314
02/03/2020 16:00:00,69.76,70.71,69.16,70.57,4568817
03/03/2020 16:00:00,70.91,71.17,69.55,69.64,4307897
04/03/2020 16:00:00,70.24,70.73,69.76,70.73,3162339
05/03/2020 16:00:00,69.61,69.8,68.12,68.76,3893814
06/03/2020 16:00:00,67.5,67.88,66.74,67.09,4418390
09/03/2020 16:00:00,60,63.98,59.18,59.39,7363877
10/03/2020 16:00:00,61.79,61.95,58.53,60.3,9134262
11/03/2020 16:00:00,59.12,60.25,58.34,58.48,6256175
12/03/2020 16:00:00,52.99,54.6,48.92,50.66,11684469
13/03/2020 16:00:00,52.93,59.29,52.92,59.19,9611332
16/03/2020 16:00:00,53,56.19,51.49,52.66,11593933
17/03/2020 16:00:00,53.72,55.71,50.7,54.02,7892936
18/03/2020 16:00:00,52.54,52.96,48.09,49.95,6247725
19/03/2020 16:00:00,49.14,50.91,48.01,50.68,6540080
20/03/2020 16:00:00,51.35,54.85,49.19,50.03,9325390
23/03/2020 16:00:00,49.36,50.57,46.38,46.72,8353214
24/03/2020 16:00:00,49.49,53.17,49.17,52.26,7935165
25/03/2020 16:00:00,53.68,58.99,52.31,57.25,8201764
26/03/2020 16:00:00,57,59.8,56.63,58.07,4978133
27/03/2020 16:00:00,55.68,56.74,53.85,54.29,6016784
30/03/2020 16:00:00,54.18,55.11,52.91,54.81,6779457
31/03/2020 16:00:00,55.09,57.92,54.9,57.47,12165574
01/04/2020 16:00:00,55.79,55.98,54.27,54.38,7226955
02/04/2020 16:00:00,54.96,55.87,54.13,55.13,9310515
03/04/2020 16:00:00,54.71,55.25,53.7,54.59,6251795
06/04/2020 16:00:00,55.07,55.98,54.66,55.29,7753335
07/04/2020 16:00:00,57.1,58.14,55.2,55.51,6985443
08/04/2020 16:00:00,56,56.76,54.91,56.4,6701760
09/04/2020 16:00:00,57.1,58.05,56.42,57.4,7527061
13/04/2020 16:00:00,57.4,57.5,55.66,55.69,5490353
14/04/2020 16:00:00,56.65,56.88,54.85,55.53,4181285
15/04/2020 16:00:00,54.61,54.72,53.61,53.66,5536304
16/04/2020 16:00:00,53.74,53.96,51.87,51.95,3638462
17/04/2020 16:00:00,53.96,54.65,53.32,54.45,4787191
20/04/2020 16:00:00,53.35,55.5,52.37,54.76,5267096
21/04/2020 16:00:00,53.31,54.52,52.46,52.46,4005228
22/04/2020 16:00:00,53.51,53.71,52.6,53.1,3002078
23/04/2020 16:00:00,53.26,53.55,52.65,52.78,3327390
24/04/2020 16:00:00,53,53.41,52.29,53.35,3560954
27/04/2020 16:00:00,53.63,54.61,53.21,54.5,4685472
28/04/2020 16:00:00,55.45,55.72,54.72,55.45,4773023
29/04/2020 16:00:00,56.46,58,56.46,57.85,7197374
30/04/2020 16:00:00,57.17,57.29,55.8,55.8,6068509
01/05/2020 16:00:00,54.67,54.98,54.13,54.25,4456888
04/05/2020 16:00:00,53.85,54.5,52.85,53.59,7058578
05/05/2020 16:00:00,54.37,54.42,53.08,53.17,2737988
06/05/2020 16:00:00,53.55,53.87,52.52,52.95,3458703
07/05/2020 16:00:00,53.28,53.88,52.38,52.4,4849867
08/05/2020 16:00:00,53.08,53.24,52.57,52.95,4079030
11/05/2020 16:00:00,52.64,53.49,52.12,53.41,3349280
12/05/2020 16:00:00,53.66,54.25,52.7,52.74,2124354
13/05/2020 16:00:00,52.8,52.81,49.87,50.46,6778683
14/05/2020 16:00:00,49.85,51.42,49.11,50.55,4832612
15/05/2020 16:00:00,50.2,50.66,49.79,49.97,2804789
19/05/2020 16:00:00,52.5,52.58,51.02,51.08,3554262
20/05/2020 16:00:00,51.98,52.14,51.48,51.62,2352526
21/05/2020 16:00:00,51.62,51.87,50.69,51.46,2626194
22/05/2020 16:00:00,51.67,51.67,50.17,51.1,3254437
25/05/2020 16:00:00,51.5,52,51.23,51.99,1190092
26/05/2020 16:00:00,53.1,56.13,52.94,55.84,6404990
27/05/2020 16:00:00,56.75,58.39,56.75,57.97,8092164
28/05/2020 16:00:00,58.5,58.54,56.9,57.35,4885818
29/05/2020 16:00:00,56.65,56.68,54.86,55.17,5957044
01/06/2020 16:00:00,55.25,56.86,55.25,56.18,2437144
02/06/2020 16:00:00,56.84,57.55,56.76,57.2,3008979
03/06/2020 16:00:00,58.45,59.4,58.34,58.93,3450760
04/06/2020 16:00:00,59.02,59.4,57.97,59.05,3564634
05/06/2020 16:00:00,61,61.76,60.15,60.54,3426953
08/06/2020 16:00:00,61.71,61.8,60.37,60.96,7136219
09/06/2020 16:00:00,60.05,61.26,59.71,60.67,3275030
10/06/2020 16:00:00,60.64,60.82,59.51,59.93,4584350
11/06/2020 16:00:00,58,58.68,56.96,57.36,4219099
12/06/2020 16:00:00,59.17,59.42,57.95,58.51,5555482
15/06/2020 16:00:00,57.06,58.91,56.92,58.19,4413822
16/06/2020 16:00:00,59.71,59.71,58.02,58.75,3802477
17/06/2020 16:00:00,58.85,59,58.01,58.41,4341896
18/06/2020 16:00:00,58,58.47,57.53,57.9,6961888
19/06/2020 16:00:00,58.43,58.43,57,57.03,14003531
22/06/2020 16:00:00,57.02,57.15,56.44,56.74,5184524
23/06/2020 16:00:00,57.61,57.61,56.41,56.78,3323225
24/06/2020 16:00:00,56.5,56.54,55.42,55.64,4315168
25/06/2020 16:00:00,55.38,56.22,55.37,56.01,4425269
26/06/2020 16:00:00,55.5,55.9,54.2,54.44,8145181
29/06/2020 16:00:00,54.72,56.15,54.66,55.62,7750596
30/06/2020 16:00:00,55.3,56.21,55.01,56.18,9049048
02/07/2020 16:00:00,56.8,57.17,56.25,56.46,4895520
03/07/2020 16:00:00,56.5,57,56.44,57,4358431
06/07/2020 16:00:00,56.7,56.82,55.89,56.24,8021347
07/07/2020 16:00:00,55.9,56.05,54.88,54.95,5596360
08/07/2020 16:00:00,55,55.2,54.05,54.73,5337669
09/07/2020 16:00:00,54.51,54.69,53.72,54.13,3803060
10/07/2020 16:00:00,54.19,55.62,54.13,55.54,8338877
13/07/2020 16:00:00,55.86,56.75,55.33,56.19,5737388
14/07/2020 16:00:00,56.07,56.33,55.71,56.07,6962928
15/07/2020 16:00:00,56.55,57.41,56.47,56.57,6117506
16/07/2020 16:00:00,56.23,57.5,56.2,57.05,4244521
17/07/2020 16:00:00,57.15,57.24,56.52,56.58,2919332
20/07/2020 16:00:00,56.37,56.52,55.8,56.06,7783503
21/07/2020 16:00:00,56.36,56.83,56.31,56.39,3408891
22/07/2020 16:00:00,56.32,56.4,55.85,56.31,3673333
23/07/2020 16:00:00,56.14,56.37,55.67,55.98,3397646
24/07/2020 16:00:00,55.89,55.94,55.29,55.55,1677334
27/07/2020 16:00:00,55.35,55.65,54.6,55.4,4323204
28/07/2020 16:00:00,55.2,55.32,54.89,55.04,2867129
29/07/2020 16:00:00,55.12,55.8,54.66,55.67,1872096
30/07/2020 16:00:00,55,55.8,54.56,55.78,3096949
31/07/2020 16:00:00,55.65,55.7,54.79,55.01,3782122
04/08/2020 16:00:00,55,55.89,55,55.23,2101989
05/08/2020 16:00:00,55.44,55.92,55.33,55.92,1335857
06/08/2020 16:00:00,56,56.38,55.77,56.17,2548540
07/08/2020 16:00:00,56.15,56.9,55.87,56.9,1680185
10/08/2020 16:00:00,57.05,57.86,57,57.84,1852982
11/08/2020 16:00:00,58.36,58.99,58.11,58.24,2415883
12/08/2020 16:00:00,58.85,58.99,58.51,58.75,4303780
13/08/2020 16:00:00,58.68,58.72,58,58.18,1778720
14/08/2020 16:00:00,57.7,57.95,57.37,57.68,2096724
17/08/2020 16:00:00,57.67,57.67,56.91,57.21,1987129
18/08/2020 16:00:00,57.32,57.37,56.77,57.03,1523790
19/08/2020 16:00:00,56.76,57.16,56.48,56.58,1881280
20/08/2020 16:00:00,56.25,56.43,55.98,56.04,2546697
21/08/2020 16:00:00,55.87,55.94,55.29,55.55,2985588
24/08/2020 16:00:00,56,56.48,55.75,56.48,4793825
25/08/2020 16:00:00,56,56.72,55.5,56.1,2982942
26/08/2020 16:00:00,56.53,57.41,56.17,56.71,4105938
27/08/2020 16:00:00,56.83,57.65,56.6,57.54,2957178
28/08/2020 16:00:00,57.86,57.86,56.56,56.79,3894748
31/08/2020 16:00:00,56.75,56.75,56.17,56.37,2995668
01/09/2020 16:00:00,56.15,56.22,55.33,55.62,3447624
02/09/2020 16:00:00,55.75,56.61,55.72,55.88,3184416
03/09/2020 16:00:00,56.23,56.55,55.15,55.29,3844630
04/09/2020 16:00:00,55.66,56.11,54.9,55.34,4728635
08/09/2020 16:00:00,55.19,55.29,54.47,54.85,6914909
09/09/2020 16:00:00,55.26,55.82,55.05,55.44,2797322
10/09/2020 16:00:00,55.78,55.78,54.96,55.19,3581393
11/09/2020 16:00:00,55.18,55.68,55.08,55.38,2471940
14/09/2020 16:00:00,55.73,55.74,55.18,55.32,5624002
15/09/2020 16:00:00,55.42,55.75,55.27,55.53,2686731
16/09/2020 16:00:00,55.6,55.79,55,55.07,2783062
17/09/2020 16:00:00,54.76,55.38,54.66,55.18,4347273
18/09/2020 16:00:00,55.13,55.25,54.8,55.15,9394599
21/09/2020 16:00:00,54.5,54.58,53.54,54.58,8163834
22/09/2020 16:00:00,54.62,55.32,54.18,54.31,5369032
23/09/2020 16:00:00,54.75,55.11,54.07,54.13,3008524
24/09/2020 16:00:00,54.09,54.69,53.88,54.21,2870091
25/09/2020 16:00:00,54.11,54.51,53.9,54.46,7266713
28/09/2020 16:00:00,55.34,56.18,55.15,55.97,9122597
29/09/2020 16:00:00,55.95,56,55.11,55.44,7362469
30/09/2020 16:00:00,55.58,56.07,55.18,55.32,15442568
01/10/2020 16:00:00,55.53,55.64,55,55.39,5896516
02/10/2020 16:00:00,54.9,56.15,54.86,56.09,5276400
05/10/2020 16:00:00,55.4,55.95,55.06,55.8,6194958
06/10/2020 16:00:00,56,56.53,55.69,55.95,14669581
07/10/2020 16:00:00,56.43,56.83,56.33,56.67,11727497
08/10/2020 16:00:00,56.88,57,56.61,56.74,4828114
09/10/2020 16:00:00,56.98,57,56.23,56.43,4651768
13/10/2020 16:00:00,56.8,56.85,55.79,56.17,6540811
14/10/2020 16:00:00,56.29,56.43,55.76,55.85,7020438
15/10/2020 16:00:00,55.61,56.36,55.31,56.12,3031617
16/10/2020 16:00:00,56.26,56.47,55.98,56.18,3354243
19/10/2020 16:00:00,56.44,56.44,55.57,55.76,4672388
20/10/2020 16:00:00,56.16,56.23,55.5,55.58,4643016
21/10/2020 16:00:00,55.55,55.84,55.35,55.63,5928707
22/10/2020 16:00:00,55.64,56.58,55.62,56.39,6553182
23/10/2020 16:00:00,56.75,57.36,56.72,57.18,2690330
26/10/2020 16:00:00,56.95,56.98,56.16,56.66,4070373
27/10/2020 16:00:00,56.41,56.47,55.4,55.75,3597114
28/10/2020 16:00:00,55.15,55.29,54.28,54.28,5307371
29/10/2020 16:00:00,54.28,55.53,53.92,55.21,3017689
30/10/2020 16:00:00,55.04,55.43,54.72,55.35,3457556
02/11/2020 16:00:00,55.7,55.8,55.11,55.59,5260066
03/11/2020 16:00:00,56.1,56.6,55.94,56.32,5990743
04/11/2020 16:00:00,56.2,56.85,55.48,56.53,5820755
05/11/2020 16:00:00,56.9,57.03,56.57,56.63,2059066
06/11/2020 16:00:00,56.84,57,56.23,56.51,3176681
09/11/2020 16:00:00,58.5,60.78,58.38,59.78,8042798
10/11/2020 16:00:00,60,61.5,59.92,61.35,5791021
11/11/2020 16:00:00,62,62,61.25,61.48,6634429
12/11/2020 16:00:00,61,61.37,60.52,60.87,3352077
13/11/2020 16:00:00,61,61.23,60.77,60.8,3474082
16/11/2020 16:00:00,61.8,62.24,61.51,62.09,3288686
17/11/2020 16:00:00,61.5,62.49,61.49,62.03,4616390
18/11/2020 16:00:00,62.34,63.3,62.11,62.87,2840541
19/11/2020 16:00:00,62.57,63.07,62.45,62.99,2821892
20/11/2020 16:00:00,63.1,63.55,62.7,63.48,2521006
23/11/2020 16:00:00,64.05,64.25,63.73,63.87,2995939
24/11/2020 16:00:00,64.79,64.96,64.27,64.45,4339714
25/11/2020 16:00:00,64.26,64.76,64.01,64.65,2189825
26/11/2020 16:00:00,64.56,64.96,64.4,64.88,1441764
27/11/2020 16:00:00,64.88,65.33,64.7,64.89,2058538
30/11/2020 16:00:00,64.57,64.73,63.2,63.2,5583147
01/12/2020 16:00:00,64.6,65.8,64.6,65,4288016
02/12/2020 16:00:00,65.12,66.19,64.71,66.15,3241341
03/12/2020 16:00:00,66.26,66.75,66.09,66.4,2636998
04/12/2020 16:00:00,66.63,67.74,66.37,67.5,3542160
07/12/2020 16:00:00,67.39,67.55,66.95,67.22,5167780
08/12/2020 16:00:00,67.37,68.39,67.19,68.21,3625117
09/12/2020 16:00:00,68.5,68.72,68.12,68.36,5480620
10/12/2020 16:00:00,68.02,68.46,67.78,68.29,2964686
11/12/2020 16:00:00,67.89,68.75,67.82,68.71,2960300
14/12/2020 16:00:00,69.19,69.2,68.15,68.16,7009952
15/12/2020 16:00:00,68.57,68.89,68.06,68.12,3262565
16/12/2020 16:00:00,68.09,68.41,67.74,68.09,5224103
17/12/2020 16:00:00,68.1,68.24,67.82,68.11,2855057
18/12/2020 16:00:00,68.21,68.3,67.76,67.93,9273687
21/12/2020 16:00:00,67.45,68.02,67.02,67.87,6901022
22/12/2020 16:00:00,68.24,68.24,67.71,67.99,6334172
23/12/2020 16:00:00,68.16,68.68,68,68.43,4936149
24/12/2020 16:00:00,68.48,68.64,68.25,68.54,2404235
29/12/2020 16:00:00,69,69.03,68.58,68.68,6996387
30/12/2020 16:00:00,68.9,69.21,68.76,68.78,6789733
31/12/2020 16:00:00,68.8,69.29,68.63,68.8,6459233
04/01/2021 16:00:00,68.24,68.36,67.43,67.72,7114398
05/01/2021 16:00:00,67.56,68.1,67.55,67.93,8321314
06/01/2021 16:00:00,67.83,68.77,67.8,68.5,7481017
07/01/2021 16:00:00,68.8,69.1,68.49,68.99,3632347
08/01/2021 16:00:00,68.65,68.81,67.91,68.06,4719744
11/01/2021 16:00:00,67.73,68.42,67.73,68.06,4263686
12/01/2021 16:00:00,68.19,68.97,68.06,68.84,4999994
13/01/2021 16:00:00,68.89,69.2,68.8,69.03,3477904
14/01/2021 16:00:00,69.09,70.27,68.71,69.96,5695020
15/01/2021 16:00:00,69.77,70.42,69.71,70.21,4131057
18/01/2021 16:00:00,70.26,70.4,70.13,70.4,988310
19/01/2021 16:00:00,70.5,71.17,70.42,70.76,4201648
20/01/2021 16:00:00,71.07,71.07,70.35,70.57,4541517
21/01/2021 16:00:00,70.53,70.61,69.83,69.98,3091645
22/01/2021 16:00:00,69.61,69.65,68.95,69.4,5508244
25/01/2021 16:00:00,69.19,69.95,68.93,69.94,3579700
26/01/2021 16:00:00,70,70.03,69.41,69.54,1700053
27/01/2021 16:00:00,69,69.22,68.15,68.27,3633175
28/01/2021 16:00:00,68.7,69.62,68.06,69.16,2881144
29/01/2021 16:00:00,68.64,68.8,67.9,68.2,4720344
01/02/2021 16:00:00,68.5,68.89,68.29,68.67,3412774
02/02/2021 16:00:00,69.08,69.45,68.94,69.28,3438395
03/02/2021 16:00:00,69.2,69.33,68.86,69.11,2347158
04/02/2021 16:00:00,69.35,69.97,69.26,69.88,1669388
05/02/2021 16:00:00,70.1,70.19,69.73,69.99,1929450
08/02/2021 16:00:00,70.14,70.86,70.09,70.79,2679201
09/02/2021 16:00:00,70.8,71.07,70.52,70.93,2290578
10/02/2021 16:00:00,70.9,70.93,70.23,70.59,1745442
11/02/2021 16:00:00,70.53,70.72,70.26,70.72,1968667
12/02/2021 16:00:00,70.73,71.24,70.72,71.01,1666834
16/02/2021 16:00:00,71.25,71.71,71.15,71.26,2074208
17/02/2021 16:00:00,71.05,71.45,70.97,71,2364451
18/02/2021 16:00:00,70.86,71.18,70.57,71.08,2027086
19/02/2021 16:00:00,71.1,71.77,70.94,71.51,2743748
22/02/2021 16:00:00,71.43,72.46,71.42,72.08,3294278
23/02/2021 16:00:00,73,74.47,72.81,74.1,4832307
24/02/2021 16:00:00,74.38,76.92,74.09,76.32,8568660
25/02/2021 16:00:00,76.31,76.48,75.14,75.64,4363307
26/02/2021 16:00:00,75.26,75.63,74.16,74.4,5689494
01/03/2021 16:00:00,75.11,75.82,74.57,75.55,2677585
02/03/2021 16:00:00,76,77.12,75.71,76.64,3573449
03/03/2021 16:00:00,77.1,77.47,76.67,76.98,3233815
04/03/2021 16:00:00,76.75,77.49,75.87,76.27,3138715
05/03/2021 16:00:00,76.91,77.61,76.81,77.43,3628845
08/03/2021 16:00:00,77.68,78.5,77.49,78.04,5408979
09/03/2021 16:00:00,78.12,78.65,77.55,78.02,2615977
10/03/2021 16:00:00,78.16,79.42,78.14,79.08,2375211
11/03/2021 16:00:00,79.23,79.68,79,79.2,3186034
12/03/2021 16:00:00,79.5,79.96,78.85,79.31,3819581
15/03/2021 16:00:00,79.34,79.47,78.56,78.76,3900642
16/03/2021 16:00:00,78.88,79.2,78.53,78.92,2847912
17/03/2021 16:00:00,79.16,79.83,78.93,78.94,4350786
18/03/2021 16:00:00,79.41,80.16,79.1,79.13,4269198
19/03/2021 16:00:00,78.96,79,78.05,78.73,14258488
22/03/2021 16:00:00,78.5,78.73,78.05,78.56,4485811
23/03/2021 16:00:00,78.49,78.74,77.96,78.05,4848386
24/03/2021 16:00:00,78.18,78.66,78.1,78.15,1959179
25/03/2021 16:00:00,78.13,78.89,78.05,78.61,3778930
26/03/2021 16:00:00,79,79.66,79,79.52,3349129
29/03/2021 16:00:00,79.24,79.59,78.84,79.37,6500010
30/03/2021 16:00:00,79.39,79.74,79.34,79.55,12045415
31/03/2021 16:00:00,79.73,79.73,78.43,78.62,11079445
01/04/2021 16:00:00,78.8,79.02,78.53,79,13893899
05/04/2021 16:00:00,78.05,78.65,77.99,78.31,4248295
06/04/2021 16:00:00,78.39,78.63,78.06,78.18,5861811
07/04/2021 16:00:00,78.22,78.52,78.08,78.08,6482895
08/04/2021 16:00:00,77.89,78.3,77.41,78.3,6943511
09/04/2021 16:00:00,78.5,78.5,77.98,78.32,3407876
12/04/2021 16:00:00,78.44,78.63,77.94,78.49,5478540
13/04/2021 16:00:00,78.24,78.48,77.51,77.51,4527733
14/04/2021 16:00:00,77.6,78.02,77.42,77.59,2176254
15/04/2021 16:00:00,77.78,77.95,77.26,77.43,2503256
16/04/2021 16:00:00,77.85,77.85,77.48,77.59,3954978
19/04/2021 16:00:00,77.6,77.88,77.12,77.17,2731938
20/04/2021 16:00:00,77.23,77.26,76.55,76.76,2427085
21/04/2021 16:00:00,76.7,77.57,76.45,77.46,3061459
22/04/2021 16:00:00,77.54,77.71,77.22,77.51,4041171
23/04/2021 16:00:00,77.6,78.08,77.33,78,4844738
26/04/2021 16:00:00,78.01,78.64,77.97,78.02,3095701
27/04/2021 16:00:00,78.29,78.57,77.94,78.27,2622889
28/04/2021 16:00:00,78.38,78.66,78.21,78.33,1977446
29/04/2021 16:00:00,78.65,78.77,78.32,78.53,2995509
30/04/2021 16:00:00,78.25,78.39,78.05,78.27,2934710
03/05/2021 16:00:00,78.64,79.09,78.42,78.44,2894006
04/05/2021 16:00:00,78.26,78.57,78.06,78.35,1778566
05/05/2021 16:00:00,78.34,78.96,78.19,78.83,1779234
06/05/2021 16:00:00,78.56,79.29,78.56,79.26,2142723
07/05/2021 16:00:00,78.91,79.54,78.9,79.43,3524314
10/05/2021 16:00:00,79.57,80.11,79.45,79.45,3733053
11/05/2021 16:00:00,79.05,79.58,78.28,78.51,4601137
12/05/2021 16:00:00,78.5,79,78.08,78.24,2866573
13/05/2021 16:00:00,78.18,79.5,78.17,79.32,2895191
14/05/2021 16:00:00,79.44,79.85,79.43,79.76,1847780
17/05/2021 16:00:00,79.71,80.1,79.55,80.04,2085463
18/05/2021 16:00:00,80.1,80.34,79.45,79.55,2527889
19/05/2021 16:00:00,79,79.39,78.52,79.27,3296292
20/05/2021 16:00:00,79.27,79.48,78.72,79.08,3295226
21/05/2021 16:00:00,79.25,79.47,78.84,79.03,2398809
25/05/2021 16:00:00,79.45,80.22,79.44,79.57,3469796
26/05/2021 16:00:00,79.87,80.47,79.52,80.4,2517464
27/05/2021 16:00:00,80.62,81.18,80.36,80.99,4921442
28/05/2021 16:00:00,81.47,81.5,80.82,81.32,4419509
31/05/2021 16:00:00,81.5,81.65,81.05,81.21,1725623
01/06/2021 16:00:00,81.79,81.82,80.17,80.88,5484408
02/06/2021 16:00:00,81.38,81.93,81.23,81.88,3526261
03/06/2021 16:00:00,81.75,82.11,81.57,81.64,2383182
04/06/2021 16:00:00,81.7,81.87,81.01,81.21,1702421
07/06/2021 16:00:00,81.47,81.49,80.93,81.15,2073914
08/06/2021 16:00:00,81.37,81.47,80.93,81.17,2854027
09/06/2021 16:00:00,81.01,81.08,80.61,80.97,2144635
10/06/2021 16:00:00,81.38,81.64,80.77,80.83,3515035
11/06/2021 16:00:00,81,81.23,80.76,80.96,1583526
14/06/2021 16:00:00,80.96,81.03,80.58,80.84,3763429
15/06/2021 16:00:00,81.02,81.4,80.86,81.23,2071092
16/06/2021 16:00:00,81.3,81.99,81.11,81.95,2328893
17/06/2021 16:00:00,81.99,82.35,80.67,80.81,4288409
18/06/2021 16:00:00,80.13,80.4,79.2,79.37,11469517
21/06/2021 16:00:00,79.7,80.17,79.46,79.85,3820911
22/06/2021 16:00:00,80.14,80.18,79.36,79.63,2661176
23/06/2021 16:00:00,79.77,80.04,79.62,79.93,3177803
24/06/2021 16:00:00,80.19,80.28,79.66,80.24,2284001
25/06/2021 16:00:00,80.24,80.92,80.19,80.89,3145290
28/06/2021 16:00:00,80.77,80.98,80.02,80.24,8621134
29/06/2021 16:00:00,80.4,80.77,80.36,80.58,15692070
30/06/2021 16:00:00,80.43,80.72,80.3,80.62,5315386
02/07/2021 16:00:00,81.25,81.48,80.55,81,20991797
05/07/2021 16:00:00,80.36,80.45,79.78,80.16,2701032
06/07/2021 16:00:00,80.25,80.25,79.3,79.34,9329969
07/07/2021 16:00:00,79.5,79.55,78.86,79.02,5924875
08/07/2021 16:00:00,78.56,78.58,77.45,77.93,2826504
09/07/2021 16:00:00,78.35,79.23,78.28,78.9,5343607
12/07/2021 16:00:00,78.79,79.41,78.42,79.29,2481564
13/07/2021 16:00:00,79.5,79.69,78.86,79.1,2843393
14/07/2021 16:00:00,79.15,79.48,78.83,79.07,1864976
15/07/2021 16:00:00,78.96,79.38,78.79,79.22,7828254
16/07/2021 16:00:00,79.42,79.47,78.51,78.52,1849473
19/07/2021 16:00:00,78,78.03,76.61,76.77,4840029
20/07/2021 16:00:00,76.9,77.97,76.56,77.65,2586051
21/07/2021 16:00:00,78.12,78.53,77.94,77.99,4399384
22/07/2021 16:00:00,77.88,77.99,77.07,77.38,1987373
23/07/2021 16:00:00,77.85,78.38,77.68,77.92,2345546
26/07/2021 16:00:00,78.03,78.24,77.64,77.97,2068678
27/07/2021 16:00:00,77.73,78.36,77.44,77.89,1593102
28/07/2021 16:00:00,77.9,78.38,77.45,78.2,2614728
29/07/2021 16:00:00,78.4,78.94,78.39,78.65,4174740
30/07/2021 16:00:00,78.44,78.69,77.6,77.87,3291013
03/08/2021 16:00:00,77.88,78.36,77.46,78.18,3135175
04/08/2021 16:00:00,77.95,78.52,77.8,78.11,1152961
05/08/2021 16:00:00,78.39,78.83,78.32,78.7,1600111
06/08/2021 16:00:00,79.01,79.59,78.94,79.59,1516872
09/08/2021 16:00:00,79.44,79.93,79.16,79.79,1405826
10/08/2021 16:00:00,79.74,80.8,79.71,80.71,2856239
11/08/2021 16:00:00,80.7,81.22,80.35,81.07,1693917
12/08/2021 16:00:00,81.14,81.31,80.61,81.11,2121452
13/08/2021 16:00:00,81.18,81.29,80.75,80.97,1254999
16/08/2021 16:00:00,80.74,81.04,80.28,81.03,1552313
17/08/2021 16:00:00,80.8,80.96,80.27,80.55,1863725
18/08/2021 16:00:00,80.4,80.9,80.11,80.37,1583372
19/08/2021 16:00:00,80.1,80.24,79.27,79.61,2802760
20/08/2021 16:00:00,79.64,80.12,79.3,79.93,1930116
23/08/2021 16:00:00,80.09,80.37,79.96,80.23,2948187
24/08/2021 16:00:00,80.39,80.64,79.57,79.6,2057502
25/08/2021 16:00:00,79.85,80.74,79.75,80.63,5489312
26/08/2021 16:00:00,80.7,80.79,79.71,79.8,2677810
27/08/2021 16:00:00,79.83,80.08,79.11,79.39,3781096
30/08/2021 16:00:00,79.53,79.54,78.54,78.59,3276377
31/08/2021 16:00:00,78.61,78.93,78.07,78.15,3962414
01/09/2021 16:00:00,78.24,78.78,78.01,78.05,2321273
02/09/2021 16:00:00,78.18,78.43,77.96,78.31,1649057
03/09/2021 16:00:00,78.32,78.37,78.02,78.12,1880928
07/09/2021 16:00:00,78.37,78.77,78.11,78.15,4105122
08/09/2021 16:00:00,78.19,78.46,77.96,78.06,1594591
09/09/2021 16:00:00,78.05,78.49,77.93,78.15,1896644
10/09/2021 16:00:00,78.41,78.47,77.94,78.05,2579461
13/09/2021 16:00:00,78.49,78.87,78.12,78.36,3686650
14/09/2021 16:00:00,78.44,78.46,77.61,77.69,3348925
15/09/2021 16:00:00,77.69,78.44,77.53,78.34,3592912
16/09/2021 16:00:00,78.6,78.78,78.17,78.51,2701427
17/09/2021 16:00:00,78.12,78.72,77.72,78.19,8669693
20/09/2021 16:00:00,77.43,77.48,75.84,76.72,5951606
21/09/2021 16:00:00,77.13,77.6,76.83,76.83,2572880
22/09/2021 16:00:00,77.29,77.64,77.08,77.13,2685482
23/09/2021 16:00:00,77.37,78.3,77.34,78.09,3365180
24/09/2021 16:00:00,78,78.36,78,78.25,3002025
27/09/2021 16:00:00,78.58,79.21,78.57,79.09,5165341
28/09/2021 16:00:00,78.96,79.37,78.56,78.74,11676931
29/09/2021 16:00:00,78.99,79.27,78.73,78.83,15308936
30/09/2021 16:00:00,78.85,79.04,77.58,77.96,11164215
01/10/2021 16:00:00,78.16,78.82,77.43,78.65,13266529
04/10/2021 16:00:00,77.42,78.26,77.19,77.47,6587919
05/10/2021 16:00:00,77.7,78.12,77.36,77.93,4102852
06/10/2021 16:00:00,77.25,77.72,77.06,77.55,10544213
07/10/2021 16:00:00,78.2,78.28,77.53,77.71,4048000
08/10/2021 16:00:00,77.69,78.48,77.5,78.37,2241322
12/10/2021 16:00:00,78.21,78.67,77.98,78.53,5806812
13/10/2021 16:00:00,78.5,78.71,77.65,78.58,4636077
14/10/2021 16:00:00,78.81,79.24,78.59,79.07,9949379
15/10/2021 16:00:00,79.45,79.85,79.36,79.69,2941311
18/10/2021 16:00:00,79.64,80.03,79.5,79.99,2530070
19/10/2021 16:00:00,80.14,80.98,80.03,80.98,2218947
20/10/2021 16:00:00,80.97,81.85,80.8,81.85,3046000
21/10/2021 16:00:00,81.6,81.9,81.17,81.57,2840449
22/10/2021 16:00:00,81.53,81.92,81.44,81.75,3069544
25/10/2021 16:00:00,81.92,82.47,81.81,82.36,5167688
26/10/2021 16:00:00,82.47,83.11,82.23,83,1814698
27/10/2021 16:00:00,82.96,83.07,82.46,82.6,2831142
28/10/2021 16:00:00,82.69,82.85,82.32,82.4,1632368
29/10/2021 16:00:00,82.31,82.5,80.94,81.14,5436540
01/11/2021 16:00:00,81.64,82.03,81.31,81.96,3948816
02/11/2021 16:00:00,82.04,82.46,81.66,82.2,3012090
03/11/2021 16:00:00,82.41,83.08,82.14,82.86,2252692
04/11/2021 16:00:00,82.95,83.08,82.19,82.92,1856929
05/11/2021 16:00:00,83.07,83.62,82.82,82.88,3000602
08/11/2021 16:00:00,83.08,83.51,82.55,82.65,2105858
09/11/2021 16:00:00,82.51,82.9,82.07,82.84,1399722
10/11/2021 16:00:00,82.82,83.15,82.68,82.71,2601121
11/11/2021 16:00:00,83.09,83.09,82.51,82.68,1060942
12/11/2021 16:00:00,82.65,83.42,82.42,83.39,2225500
15/11/2021 16:00:00,83.49,83.65,82.78,82.94,3564469
16/11/2021 16:00:00,83.08,83.2,82.64,82.74,1267329
17/11/2021 16:00:00,82.87,82.99,82.12,82.58,1746920
18/11/2021 16:00:00,82.31,82.78,82.11,82.76,1840983
19/11/2021 16:00:00,82.32,82.66,81.97,82.56,2164157
22/11/2021 16:00:00,82.88,82.93,82.28,82.32,3450300
23/11/2021 16:00:00,82.54,83.4,82.54,83.4,8308921
24/11/2021 16:00:00,83.25,83.5,83.05,83.22,1490616
25/11/2021 16:00:00,83.5,83.99,83.31,83.88,1261934
26/11/2021 16:00:00,82.65,82.66,81.19,81.51,4347358
29/11/2021 16:00:00,82.16,82.63,81.08,81.43,3311109
30/11/2021 16:00:00,81.25,81.52,79.62,79.78,7658788
01/12/2021 16:00:00,80.99,83.4,80.77,82.51,5048494
02/12/2021 16:00:00,82.97,84.86,82.91,84.65,4759542
03/12/2021 16:00:00,84.47,84.81,83.7,83.92,3811645
06/12/2021 16:00:00,84.28,85.38,84.17,84.76,6199817
07/12/2021 16:00:00,85.25,85.66,85.05,85.46,3810646
08/12/2021 16:00:00,85.51,85.75,85,85.46,2995621
09/12/2021 16:00:00,85.12,85.88,84.82,85.8,3891674
10/12/2021 16:00:00,86,86.51,85.77,86.12,6002074
13/12/2021 16:00:00,86.12,86.26,85.57,85.9,7041662
14/12/2021 16:00:00,85.5,86.6,85.5,86.15,2859333
15/12/2021 16:00:00,86.15,87,85.86,86.68,4919968
16/12/2021 16:00:00,87.01,87.68,86.92,87.05,3786440
17/12/2021 16:00:00,85.5,87.63,85.5,87.29,6816740
20/12/2021 16:00:00,86.68,87,85.92,86.83,4367122
21/12/2021 16:00:00,87.6,88.18,87.37,87.69,4874198
22/12/2021 16:00:00,87.65,88.7,87.56,88.67,4637710
23/12/2021 16:00:00,88.7,89.72,88.7,89.31,3525201
24/12/2021 13:00:00,89.7,89.87,89.53,89.76,570445
29/12/2021 16:00:00,91,91.49,90.61,91.22,7349212
30/12/2021 16:00:00,91.67,91.77,91.24,91.26,10531099