Date,Close
04/01/2016 16:00:00,76.66
05/01/2016 16:00:00,76.62
06/01/2016 16:00:00,74.92
07/01/2016 16:00:00,73.52
08/01/2016 16:00:00,73.52
11/01/2016 16:00:00,73.61
12/01/2016 16:00:00,74.18
13/01/2016 16:00:00,72
14/01/2016 16:00:00,73.05
15/01/2016 16:00:00,70.85
18/01/2016 16:00:00,70.82
19/01/2016 16:00:00,71.3
20/01/2016 16:00:00,70.17
21/01/2016 16:00:00,70.97
22/01/2016 16:00:00,73.75
25/01/2016 16:00:00,71.69
26/01/2016 16:00:00,72.78
27/01/2016 16:00:00,74.09
28/01/2016 16:00:00,74.57
29/01/2016 16:00:00,75.22
01/02/2016 16:00:00,74.3
02/02/2016 16:00:00,73.58
03/02/2016 16:00:00,73.97
04/02/2016 16:00:00,74.51
05/02/2016 16:00:00,74.33
08/02/2016 16:00:00,73.53
09/02/2016 16:00:00,71.53
10/02/2016 16:00:00,70.29
11/02/2016 16:00:00,69.56
12/02/2016 16:00:00,71.9
16/02/2016 16:00:00,73.18
17/02/2016 16:00:00,74.64
18/02/2016 16:00:00,74.69
19/02/2016 16:00:00,74.39
22/02/2016 16:00:00,73.87
23/02/2016 16:00:00,73.68
24/02/2016 16:00:00,73.19
25/02/2016 16:00:00,73.36
26/02/2016 16:00:00,74.15
29/02/2016 16:00:00,74.65
01/03/2016 16:00:00,75.98
02/03/2016 16:00:00,75.69
03/03/2016 16:00:00,76.34
04/03/2016 16:00:00,76.21
07/03/2016 16:00:00,76.32
08/03/2016 16:00:00,77.13
09/03/2016 16:00:00,77.53
10/03/2016 16:00:00,77.51
11/03/2016 16:00:00,78.24
14/03/2016 16:00:00,78.15
15/03/2016 16:00:00,78.54
16/03/2016 16:00:00,78.46
17/03/2016 16:00:00,79.34
18/03/2016 16:00:00,78.61
21/03/2016 16:00:00,79.04
22/03/2016 16:00:00,78.66
23/03/2016 16:00:00,78.68
24/03/2016 16:00:00,77.95
28/03/2016 16:00:00,78.45
29/03/2016 16:00:00,78.39
30/03/2016 16:00:00,79.02
31/03/2016 16:00:00,78.87
01/04/2016 16:00:00,78.87
04/04/2016 16:00:00,78.67
06/04/2016 16:00:00,78.4
07/04/2016 16:00:00,77.42
08/04/2016 16:00:00,78.33
11/04/2016 16:00:00,78.62
12/04/2016 16:00:00,79.28
13/04/2016 16:00:00,80.11
14/04/2016 16:00:00,80.6
15/04/2016 16:00:00,81.2
18/04/2016 16:00:00,81.28
19/04/2016 16:00:00,81.65
20/04/2016 16:00:00,82
21/04/2016 16:00:00,81.75
22/04/2016 16:00:00,82.17
25/04/2016 16:00:00,81.95
26/04/2016 16:00:00,82.2
27/04/2016 16:00:00,82.47
28/04/2016 16:00:00,81.47
29/04/2016 16:00:00,81.74
02/05/2016 16:00:00,81.66
03/05/2016 16:00:00,81.16
04/05/2016 16:00:00,81.06
05/05/2016 16:00:00,80.57
06/05/2016 16:00:00,80.55
09/05/2016 16:00:00,80.48
10/05/2016 16:00:00,81.5
11/05/2016 16:00:00,81.5
12/05/2016 16:00:00,81.88
13/05/2016 16:00:00,82.07
16/05/2016 16:00:00,82.35
17/05/2016 16:00:00,82.06
18/05/2016 16:00:00,82.57
19/05/2016 16:00:00,82.25
20/05/2016 16:00:00,82.69
24/05/2016 16:00:00,83.23
25/05/2016 16:00:00,84.27
26/05/2016 16:00:00,83.8
27/05/2016 16:00:00,83.44
30/05/2016 16:00:00,83.35
31/05/2016 16:00:00,82.3
01/06/2016 16:00:00,82.35
02/06/2016 16:00:00,82.66
03/06/2016 16:00:00,82.87
06/06/2016 16:00:00,83.35
07/06/2016 16:00:00,83.78
08/06/2016 16:00:00,83.8
09/06/2016 16:00:00,83.51
10/06/2016 16:00:00,83.13
13/06/2016 16:00:00,82.52
14/06/2016 16:00:00,81.48
15/06/2016 16:00:00,81.69
16/06/2016 16:00:00,81.6
17/06/2016 16:00:00,81.5
20/06/2016 16:00:00,81.89
21/06/2016 16:00:00,82.65
22/06/2016 16:00:00,82.82
23/06/2016 16:00:00,83.27
24/06/2016 16:00:00,81.46
27/06/2016 16:00:00,80.26
28/06/2016 16:00:00,81.97
29/06/2016 16:00:00,82.24
30/06/2016 16:00:00,81.95
04/07/2016 16:00:00,82.36
05/07/2016 16:00:00,82.2
06/07/2016 16:00:00,82.55
07/07/2016 16:00:00,82.3
08/07/2016 16:00:00,82.95
11/07/2016 16:00:00,83.29
12/07/2016 16:00:00,83.88
13/07/2016 16:00:00,84.16
14/07/2016 16:00:00,84.38
15/07/2016 16:00:00,84.73
18/07/2016 16:00:00,84.84
19/07/2016 16:00:00,84.78
20/07/2016 16:00:00,84.92
21/07/2016 16:00:00,84.84
22/07/2016 16:00:00,84.76
25/07/2016 16:00:00,84.99
26/07/2016 16:00:00,85.37
27/07/2016 16:00:00,84.01
28/07/2016 16:00:00,83.96
29/07/2016 16:00:00,83.7
02/08/2016 16:00:00,82.69
03/08/2016 16:00:00,82.44
04/08/2016 16:00:00,82.1
05/08/2016 16:00:00,82.85
08/08/2016 16:00:00,83.49
09/08/2016 16:00:00,83.8
10/08/2016 16:00:00,83.65
11/08/2016 16:00:00,83.92
12/08/2016 16:00:00,83.65
15/08/2016 16:00:00,84.03
16/08/2016 16:00:00,83.57
17/08/2016 16:00:00,84.07
18/08/2016 16:00:00,83.66
19/08/2016 16:00:00,84.05
22/08/2016 16:00:00,84.42
23/08/2016 16:00:00,86.27
24/08/2016 16:00:00,86.29
25/08/2016 16:00:00,86.79
26/08/2016 16:00:00,86.84
29/08/2016 16:00:00,86.99
30/08/2016 16:00:00,87.24
31/08/2016 16:00:00,86.98
01/09/2016 16:00:00,87.02
02/09/2016 16:00:00,87.02
06/09/2016 16:00:00,86.65
07/09/2016 16:00:00,86.55
08/09/2016 16:00:00,86.15
09/09/2016 16:00:00,85.58
12/09/2016 16:00:00,85.61
13/09/2016 16:00:00,84.9
14/09/2016 16:00:00,84.96
15/09/2016 16:00:00,85.63
16/09/2016 16:00:00,85.21
19/09/2016 16:00:00,85.39
20/09/2016 16:00:00,85.44
21/09/2016 16:00:00,85.96
22/09/2016 16:00:00,86.35
23/09/2016 16:00:00,85.81
26/09/2016 16:00:00,85.49
27/09/2016 16:00:00,85.61
28/09/2016 16:00:00,86.28
29/09/2016 16:00:00,85.99
30/09/2016 16:00:00,85.97
03/10/2016 16:00:00,85.83
04/10/2016 16:00:00,84.3
05/10/2016 16:00:00,84.14
06/10/2016 16:00:00,84.06
07/10/2016 16:00:00,83.95
11/10/2016 16:00:00,83.93
12/10/2016 16:00:00,84.28
13/10/2016 16:00:00,84.54
14/10/2016 16:00:00,84.48
17/10/2016 16:00:00,84.65
18/10/2016 16:00:00,85.2
19/10/2016 16:00:00,85.27
20/10/2016 16:00:00,85.45
21/10/2016 16:00:00,85.52
24/10/2016 16:00:00,86.26
25/10/2016 16:00:00,86.1
26/10/2016 16:00:00,86.67
27/10/2016 16:00:00,86.94
28/10/2016 16:00:00,85.35
31/10/2016 16:00:00,85.36
01/11/2016 16:00:00,84.94
02/11/2016 16:00:00,84.39
03/11/2016 16:00:00,84.47
04/11/2016 16:00:00,83.83
07/11/2016 16:00:00,84.94
08/11/2016 16:00:00,84.99
09/11/2016 16:00:00,85.55
10/11/2016 16:00:00,86.17
11/11/2016 16:00:00,86.06
14/11/2016 16:00:00,86.58
15/11/2016 16:00:00,86.94
16/11/2016 16:00:00,86.75
17/11/2016 16:00:00,87.6
18/11/2016 16:00:00,87.84
21/11/2016 16:00:00,88.34
22/11/2016 16:00:00,88.4
23/11/2016 16:00:00,89.06
24/11/2016 16:00:00,88.8
25/11/2016 16:00:00,88.82
28/11/2016 16:00:00,88.94
29/11/2016 16:00:00,89.14
30/11/2016 16:00:00,88.53
01/12/2016 16:00:00,88.66
02/12/2016 16:00:00,89
05/12/2016 16:00:00,89.58
06/12/2016 16:00:00,92.06
07/12/2016 16:00:00,93.14
08/12/2016 16:00:00,95.02
09/12/2016 16:00:00,96.2
12/12/2016 16:00:00,95.96
13/12/2016 16:00:00,96.51
14/12/2016 16:00:00,96.15
15/12/2016 16:00:00,96.6
16/12/2016 16:00:00,96.9
19/12/2016 16:00:00,96.62
20/12/2016 16:00:00,96.92
21/12/2016 16:00:00,97.11
22/12/2016 16:00:00,97.38
23/12/2016 16:00:00,97.17
28/12/2016 16:00:00,97.19
29/12/2016 16:00:00,97
30/12/2016 16:00:00,96.57
03/01/2017 16:00:00,97.06
04/01/2017 16:00:00,97.4
05/01/2017 16:00:00,97.8
06/01/2017 16:00:00,97.55
09/01/2017 16:00:00,97.36
10/01/2017 16:00:00,97.68
11/01/2017 16:00:00,98.85
12/01/2017 16:00:00,97.97
13/01/2017 16:00:00,97.97
16/01/2017 16:00:00,98.23
17/01/2017 16:00:00,97.68
18/01/2017 16:00:00,97.46
19/01/2017 16:00:00,98.05
20/01/2017 16:00:00,98.6
23/01/2017 16:00:00,98.85
24/01/2017 16:00:00,99.25
25/01/2017 16:00:00,100.26
26/01/2017 16:00:00,100.66
27/01/2017 16:00:00,100.81
30/01/2017 16:00:00,99.08
31/01/2017 16:00:00,98.43
01/02/2017 16:00:00,98.27
02/02/2017 16:00:00,98.22
03/02/2017 16:00:00,98.99
06/02/2017 16:00:00,98.68
07/02/2017 16:00:00,98.9
08/02/2017 16:00:00,99.12
09/02/2017 16:00:00,99.55
10/02/2017 16:00:00,100.15
13/02/2017 16:00:00,100.73
14/02/2017 16:00:00,100.56
15/02/2017 16:00:00,101.29
16/02/2017 16:00:00,101.48
17/02/2017 16:00:00,101.41
21/02/2017 16:00:00,101.42
22/02/2017 16:00:00,101.6
23/02/2017 16:00:00,101.7
24/02/2017 16:00:00,99.98
27/02/2017 16:00:00,98.58
28/02/2017 16:00:00,100.79
01/03/2017 16:00:00,101.9
02/03/2017 16:00:00,103.37
03/03/2017 16:00:00,102.85
06/03/2017 16:00:00,103.32
07/03/2017 16:00:00,103.5
08/03/2017 16:00:00,103.06
09/03/2017 16:00:00,102.61
10/03/2017 16:00:00,103.05
13/03/2017 16:00:00,103.1
14/03/2017 16:00:00,102.49
15/03/2017 16:00:00,101.24
16/03/2017 16:00:00,101.49
17/03/2017 16:00:00,100.96
20/03/2017 16:00:00,100.05
21/03/2017 16:00:00,98.65
22/03/2017 16:00:00,98.48
23/03/2017 16:00:00,99.23
24/03/2017 16:00:00,99.29
27/03/2017 16:00:00,99.24
28/03/2017 16:00:00,99.93
29/03/2017 16:00:00,100.04
30/03/2017 16:00:00,99.84
31/03/2017 16:00:00,99.33
03/04/2017 16:00:00,99.81
04/04/2017 16:00:00,99.95
05/04/2017 16:00:00,99.63
06/04/2017 16:00:00,99.95
07/04/2017 16:00:00,100.23
10/04/2017 16:00:00,99.91
11/04/2017 16:00:00,98.8
12/04/2017 16:00:00,98.25
13/04/2017 16:00:00,97.38
17/04/2017 16:00:00,98.52
18/04/2017 16:00:00,98.1
19/04/2017 16:00:00,98.23
20/04/2017 16:00:00,99.04
21/04/2017 16:00:00,98.73
24/04/2017 16:00:00,100.04
25/04/2017 16:00:00,100.77
26/04/2017 16:00:00,99.7
27/04/2017 16:00:00,96.59
28/04/2017 16:00:00,96.66
01/05/2017 16:00:00,96.46
02/05/2017 16:00:00,95.94
03/05/2017 16:00:00,95.71
04/05/2017 16:00:00,95.41
05/05/2017 16:00:00,96.32
08/05/2017 16:00:00,96.57
09/05/2017 16:00:00,95.7
10/05/2017 16:00:00,95.69
11/05/2017 16:00:00,94.48
12/05/2017 16:00:00,94.04
15/05/2017 16:00:00,94.77
16/05/2017 16:00:00,93.8
17/05/2017 16:00:00,92.08
18/05/2017 16:00:00,92.74
19/05/2017 16:00:00,93.66
23/05/2017 16:00:00,95.13
24/05/2017 16:00:00,91.98
25/05/2017 16:00:00,90.99
26/05/2017 16:00:00,91.17
29/05/2017 16:00:00,91.51
30/05/2017 16:00:00,90.99
31/05/2017 16:00:00,90.67
01/06/2017 16:00:00,91.43
02/06/2017 16:00:00,91.27
05/06/2017 16:00:00,90.92
06/06/2017 16:00:00,90.6
07/06/2017 16:00:00,90.4
08/06/2017 16:00:00,91.64
09/06/2017 16:00:00,93.9
12/06/2017 16:00:00,93.24
13/06/2017 16:00:00,93.15
14/06/2017 16:00:00,92.24
15/06/2017 16:00:00,92.94
16/06/2017 16:00:00,92.96
19/06/2017 16:00:00,93.68
20/06/2017 16:00:00,93.29
21/06/2017 16:00:00,92.48
22/06/2017 16:00:00,93.49
23/06/2017 16:00:00,93.86
26/06/2017 16:00:00,94.03
27/06/2017 16:00:00,94.24
28/06/2017 16:00:00,95.58
29/06/2017 16:00:00,95.5
30/06/2017 16:00:00,95.22
04/07/2017 16:00:00,95.8
05/07/2017 16:00:00,95.74
06/07/2017 16:00:00,95.74
07/07/2017 16:00:00,95.85
10/07/2017 16:00:00,96.08
11/07/2017 16:00:00,96.43
12/07/2017 16:00:00,96.82
13/07/2017 16:00:00,96.95
14/07/2017 16:00:00,96.91
17/07/2017 16:00:00,96.76
18/07/2017 16:00:00,96.55
19/07/2017 16:00:00,96.58
20/07/2017 16:00:00,96.71
21/07/2017 16:00:00,96.32
24/07/2017 16:00:00,96.23
25/07/2017 16:00:00,96.2
26/07/2017 16:00:00,95.79
27/07/2017 16:00:00,95.72
28/07/2017 16:00:00,94.19
31/07/2017 16:00:00,94.56
01/08/2017 16:00:00,95
02/08/2017 16:00:00,95.13
03/08/2017 16:00:00,94.72
04/08/2017 16:00:00,94.61
08/08/2017 16:00:00,94.92
09/08/2017 16:00:00,94.12
10/08/2017 16:00:00,93
11/08/2017 16:00:00,92.01
14/08/2017 16:00:00,93.03
15/08/2017 16:00:00,92.66
16/08/2017 16:00:00,92.2
17/08/2017 16:00:00,91.77
18/08/2017 16:00:00,91.53
21/08/2017 16:00:00,91.85
22/08/2017 16:00:00,91.63
23/08/2017 16:00:00,92.49
24/08/2017 16:00:00,92.24
25/08/2017 16:00:00,92.31
28/08/2017 16:00:00,92.43
29/08/2017 16:00:00,90.07
30/08/2017 16:00:00,90.1
31/08/2017 16:00:00,89.61
01/09/2017 16:00:00,89.49
05/09/2017 16:00:00,89.03
06/09/2017 16:00:00,89
07/09/2017 16:00:00,88.94
08/09/2017 16:00:00,89.89
11/09/2017 16:00:00,90.89
12/09/2017 16:00:00,91.43
13/09/2017 16:00:00,91.9
14/09/2017 16:00:00,91.89
15/09/2017 16:00:00,91.68
18/09/2017 16:00:00,91.84
19/09/2017 16:00:00,92
20/09/2017 16:00:00,92.16
21/09/2017 16:00:00,92.76
22/09/2017 16:00:00,92.76
25/09/2017 16:00:00,92.77
26/09/2017 16:00:00,92.84
27/09/2017 16:00:00,93.49
28/09/2017 16:00:00,93.97
29/09/2017 16:00:00,94.43
02/10/2017 16:00:00,95.36
03/10/2017 16:00:00,96.33
04/10/2017 16:00:00,96.35
05/10/2017 16:00:00,96.79
06/10/2017 16:00:00,96.51
10/10/2017 16:00:00,96.8
11/10/2017 16:00:00,97.24
12/10/2017 16:00:00,97.08
13/10/2017 16:00:00,97.53
16/10/2017 16:00:00,97.6
17/10/2017 16:00:00,97.85
18/10/2017 16:00:00,98
19/10/2017 16:00:00,98.45
20/10/2017 16:00:00,98.76
23/10/2017 16:00:00,98.85
24/10/2017 16:00:00,99.31
25/10/2017 16:00:00,99.52
26/10/2017 16:00:00,100.01
27/10/2017 16:00:00,100.03
30/10/2017 16:00:00,100.01
31/10/2017 16:00:00,98.83
01/11/2017 16:00:00,98.67
02/11/2017 16:00:00,99.12
03/11/2017 16:00:00,99.27
06/11/2017 16:00:00,99.17
07/11/2017 16:00:00,99.17
08/11/2017 16:00:00,99.1
09/11/2017 16:00:00,98.61
10/11/2017 16:00:00,97.86
13/11/2017 16:00:00,98.16
14/11/2017 16:00:00,97.99
15/11/2017 16:00:00,98.29
16/11/2017 16:00:00,98.95
17/11/2017 16:00:00,99
20/11/2017 16:00:00,99.04
21/11/2017 16:00:00,99.22
22/11/2017 16:00:00,99.49
23/11/2017 16:00:00,99.28
24/11/2017 16:00:00,99.06
27/11/2017 16:00:00,99.25
28/11/2017 16:00:00,99.56
29/11/2017 16:00:00,99.44
30/11/2017 16:00:00,99.27
01/12/2017 16:00:00,99.48
04/12/2017 16:00:00,99.59
05/12/2017 16:00:00,99.14
06/12/2017 16:00:00,100.66
07/12/2017 16:00:00,100.6
08/12/2017 16:00:00,100.91
11/12/2017 16:00:00,100.86
12/12/2017 16:00:00,100.9
13/12/2017 16:00:00,100.8
14/12/2017 16:00:00,100.3
15/12/2017 16:00:00,100.63
18/12/2017 16:00:00,100.97
19/12/2017 16:00:00,101.11
20/12/2017 16:00:00,101.09
21/12/2017 16:00:00,101.18
22/12/2017 16:00:00,100.78
27/12/2017 16:00:00,100.32
28/12/2017 16:00:00,100.49
29/12/2017 16:00:00,100.59
02/01/2018 16:00:00,100.36
03/01/2018 16:00:00,100.73
04/01/2018 16:00:00,101.6
05/01/2018 16:00:00,101.78
08/01/2018 16:00:00,101.65
09/01/2018 16:00:00,102.41
10/01/2018 16:00:00,102.59
11/01/2018 16:00:00,102.39
12/01/2018 16:00:00,102.42
15/01/2018 16:00:00,102.78
16/01/2018 16:00:00,102.63
17/01/2018 16:00:00,103.32
18/01/2018 16:00:00,103.72
19/01/2018 16:00:00,104.44
22/01/2018 16:00:00,104.7
23/01/2018 16:00:00,104.28
24/01/2018 16:00:00,103.7
25/01/2018 16:00:00,103.56
26/01/2018 16:00:00,103.46
29/01/2018 16:00:00,103.03
30/01/2018 16:00:00,102.63
31/01/2018 16:00:00,101.33
01/02/2018 16:00:00,101.2
02/02/2018 16:00:00,100.21
05/02/2018 16:00:00,97.22
06/02/2018 16:00:00,97.57
07/02/2018 16:00:00,97.86
08/02/2018 16:00:00,95.51
09/02/2018 16:00:00,95.34
12/02/2018 16:00:00,96.29
13/02/2018 16:00:00,96.38
14/02/2018 16:00:00,97.21
15/02/2018 16:00:00,97.81
16/02/2018 16:00:00,97.61
20/02/2018 16:00:00,97.62
21/02/2018 16:00:00,99.23
22/02/2018 16:00:00,98.69
23/02/2018 16:00:00,99.46
26/02/2018 16:00:00,99.58
27/02/2018 16:00:00,98.2
28/02/2018 16:00:00,97.44
01/03/2018 16:00:00,96.44
02/03/2018 16:00:00,96.51
05/03/2018 16:00:00,96.64
06/03/2018 16:00:00,96.71
07/03/2018 16:00:00,96.51
08/03/2018 16:00:00,97.44
09/03/2018 16:00:00,98
12/03/2018 16:00:00,98.22
13/03/2018 16:00:00,98.07
14/03/2018 16:00:00,98.36
15/03/2018 16:00:00,98.6
16/03/2018 16:00:00,98.71
19/03/2018 16:00:00,98.41
20/03/2018 16:00:00,99.31
21/03/2018 16:00:00,99.46
22/03/2018 16:00:00,98.04
23/03/2018 16:00:00,96.87
26/03/2018 16:00:00,97.07
27/03/2018 16:00:00,96.54
28/03/2018 16:00:00,96.58
29/03/2018 16:00:00,97.32
02/04/2018 16:00:00,96.57
03/04/2018 16:00:00,96.25
04/04/2018 16:00:00,95.95
05/04/2018 16:00:00,97.03
06/04/2018 16:00:00,96.33
09/04/2018 16:00:00,96.76
10/04/2018 16:00:00,96.27
11/04/2018 16:00:00,94.96
12/04/2018 16:00:00,95.06
13/04/2018 16:00:00,94.87
16/04/2018 16:00:00,95.17
17/04/2018 16:00:00,94.75
18/04/2018 16:00:00,94.99
19/04/2018 16:00:00,95.01
20/04/2018 16:00:00,95.57
23/04/2018 16:00:00,96.17
24/04/2018 16:00:00,96.68
25/04/2018 16:00:00,97.12
26/04/2018 16:00:00,97.93
27/04/2018 16:00:00,98.51
30/04/2018 16:00:00,97.51
01/05/2018 16:00:00,97.76
02/05/2018 16:00:00,97.84
03/05/2018 16:00:00,97.47
04/05/2018 16:00:00,98.05
07/05/2018 16:00:00,98.53
08/05/2018 16:00:00,99.42
09/05/2018 16:00:00,100.14
10/05/2018 16:00:00,100.34
11/05/2018 16:00:00,100.77
14/05/2018 16:00:00,101.14
15/05/2018 16:00:00,101.09
16/05/2018 16:00:00,101.38
17/05/2018 16:00:00,101.53
18/05/2018 16:00:00,101.07
22/05/2018 16:00:00,101.89
23/05/2018 16:00:00,101.73
24/05/2018 16:00:00,101.45
25/05/2018 16:00:00,101.47
28/05/2018 16:00:00,101.6
29/05/2018 16:00:00,99.67
30/05/2018 16:00:00,99.84
31/05/2018 16:00:00,100.44
01/06/2018 16:00:00,100.26
04/06/2018 16:00:00,100.82
05/06/2018 16:00:00,100.76
06/06/2018 16:00:00,101.28
07/06/2018 16:00:00,101.94
08/06/2018 16:00:00,102.17
11/06/2018 16:00:00,101.64
12/06/2018 16:00:00,101.61
13/06/2018 16:00:00,101.86
14/06/2018 16:00:00,101.84
15/06/2018 16:00:00,101.99
18/06/2018 16:00:00,102.29
19/06/2018 16:00:00,102.31
20/06/2018 16:00:00,102.65
21/06/2018 16:00:00,102.87
22/06/2018 16:00:00,103.32
25/06/2018 16:00:00,102.07
26/06/2018 16:00:00,101.91
27/06/2018 16:00:00,101.85
28/06/2018 16:00:00,101.66
29/06/2018 16:00:00,101.62
03/07/2018 16:00:00,101.67
04/07/2018 16:00:00,101.9
05/07/2018 16:00:00,101.69
06/07/2018 16:00:00,102.18
09/07/2018 16:00:00,102.7
10/07/2018 16:00:00,102.85
11/07/2018 16:00:00,102.49
12/07/2018 16:00:00,103.05
13/07/2018 16:00:00,103.13
16/07/2018 16:00:00,103.59
17/07/2018 16:00:00,103.67
18/07/2018 16:00:00,103.93
19/07/2018 16:00:00,103.66
20/07/2018 16:00:00,103.63
23/07/2018 16:00:00,104.11
24/07/2018 16:00:00,103.91
25/07/2018 16:00:00,103.86
26/07/2018 16:00:00,103.9
27/07/2018 16:00:00,104.03
30/07/2018 16:00:00,103.98
31/07/2018 16:00:00,103.11
01/08/2018 16:00:00,102.96
02/08/2018 16:00:00,103.15
03/08/2018 16:00:00,103.22
07/08/2018 16:00:00,102.81
08/08/2018 16:00:00,103.43
09/08/2018 16:00:00,104.12
10/08/2018 16:00:00,103.55
13/08/2018 16:00:00,103.74
14/08/2018 16:00:00,104.38
15/08/2018 16:00:00,103.97
16/08/2018 16:00:00,104.86
17/08/2018 16:00:00,105.83
20/08/2018 16:00:00,105.97
21/08/2018 16:00:00,105.72
22/08/2018 16:00:00,106.61
23/08/2018 16:00:00,106.26
24/08/2018 16:00:00,106.08
27/08/2018 16:00:00,106.16
28/08/2018 16:00:00,106.35
29/08/2018 16:00:00,107.27
30/08/2018 16:00:00,107.6
31/08/2018 16:00:00,106.97
04/09/2018 16:00:00,107.33
05/09/2018 16:00:00,107.77
06/09/2018 16:00:00,107.87
07/09/2018 16:00:00,107.62
10/09/2018 16:00:00,107.15
11/09/2018 16:00:00,107.08
12/09/2018 16:00:00,106.13
13/09/2018 16:00:00,105.68
14/09/2018 16:00:00,106.42
17/09/2018 16:00:00,106.83
18/09/2018 16:00:00,107.42
19/09/2018 16:00:00,107.41
20/09/2018 16:00:00,107.6
21/09/2018 16:00:00,108.26
24/09/2018 16:00:00,108.32
25/09/2018 16:00:00,107.11
26/09/2018 16:00:00,107.83
27/09/2018 16:00:00,107.9
28/09/2018 16:00:00,106.54
01/10/2018 16:00:00,106.85
02/10/2018 16:00:00,106.29
03/10/2018 16:00:00,106.79
04/10/2018 16:00:00,106.64
05/10/2018 16:00:00,105.59
09/10/2018 16:00:00,105.58
10/10/2018 16:00:00,104.74
11/10/2018 16:00:00,103.15
12/10/2018 16:00:00,102.89
15/10/2018 16:00:00,102.9
16/10/2018 16:00:00,103.86
17/10/2018 16:00:00,104.12
18/10/2018 16:00:00,103.68
19/10/2018 16:00:00,103.69
22/10/2018 16:00:00,102.9
23/10/2018 16:00:00,102.58
24/10/2018 16:00:00,99.69
25/10/2018 16:00:00,99.72
26/10/2018 16:00:00,98.86
29/10/2018 16:00:00,97.78
30/10/2018 16:00:00,99.14
31/10/2018 16:00:00,98.43
01/11/2018 16:00:00,98.57
02/11/2018 16:00:00,98.45
05/11/2018 16:00:00,98.93
06/11/2018 16:00:00,99.45
07/11/2018 16:00:00,99.32
08/11/2018 16:00:00,99.46
09/11/2018 16:00:00,98.87
12/11/2018 16:00:00,98.65
13/11/2018 16:00:00,98.97
14/11/2018 16:00:00,99
15/11/2018 16:00:00,99.38
16/11/2018 16:00:00,99.05
19/11/2018 16:00:00,98.01
20/11/2018 16:00:00,96.82
21/11/2018 16:00:00,97.76
22/11/2018 16:00:00,97.54
23/11/2018 16:00:00,97.69
26/11/2018 16:00:00,97.48
27/11/2018 16:00:00,98.08
28/11/2018 16:00:00,99.75
29/11/2018 16:00:00,99.36
30/11/2018 16:00:00,99.13
03/12/2018 16:00:00,99
04/12/2018 16:00:00,95.19
05/12/2018 16:00:00,93.99
06/12/2018 16:00:00,93.9
07/12/2018 16:00:00,92.71
10/12/2018 16:00:00,92.16
11/12/2018 16:00:00,91.19
12/12/2018 16:00:00,91.04
13/12/2018 16:00:00,90.07
14/12/2018 16:00:00,89.9
17/12/2018 16:00:00,89.01
18/12/2018 16:00:00,89.65
19/12/2018 16:00:00,89.03
20/12/2018 16:00:00,88.49
21/12/2018 16:00:00,87.18
24/12/2018 14:30:00,86.32
27/12/2018 16:00:00,88.62
28/12/2018 16:00:00,88.81
31/12/2018 16:00:00,89.19
02/01/2019 16:00:00,89.56
03/01/2019 16:00:00,88.74
04/01/2019 16:00:00,90.15
07/01/2019 16:00:00,89.93
08/01/2019 16:00:00,90.73
09/01/2019 16:00:00,91.89
10/01/2019 16:00:00,92.47
11/01/2019 16:00:00,92.76
14/01/2019 16:00:00,92.82
15/01/2019 16:00:00,93.62
16/01/2019 16:00:00,94.89
17/01/2019 16:00:00,95.7
18/01/2019 16:00:00,96.73
21/01/2019 16:00:00,96.76
22/01/2019 16:00:00,96.7
23/01/2019 16:00:00,96.61
24/01/2019 16:00:00,96.8
25/01/2019 16:00:00,97.24
28/01/2019 16:00:00,96.68
29/01/2019 16:00:00,97.05
30/01/2019 16:00:00,97.73
31/01/2019 16:00:00,96.18
01/02/2019 16:00:00,95.94
04/02/2019 16:00:00,96.72
05/02/2019 16:00:00,97.25
06/02/2019 16:00:00,97.2
07/02/2019 16:00:00,97.14
08/02/2019 16:00:00,96.95
11/02/2019 16:00:00,96.98
12/02/2019 16:00:00,97.82
13/02/2019 16:00:00,97.87
14/02/2019 16:00:00,97.35
15/02/2019 16:00:00,98.13
19/02/2019 16:00:00,98.16
20/02/2019 16:00:00,99.05
21/02/2019 16:00:00,98.47
22/02/2019 16:00:00,98.73
25/02/2019 16:00:00,99.18
26/02/2019 16:00:00,101.66
27/02/2019 16:00:00,102.94
28/02/2019 16:00:00,102.62
01/03/2019 16:00:00,103.15
04/03/2019 16:00:00,103.29
05/03/2019 16:00:00,103.64
06/03/2019 16:00:00,103.91
07/03/2019 16:00:00,103.58
08/03/2019 16:00:00,102.83
11/03/2019 16:00:00,102.85
12/03/2019 16:00:00,101.95
13/03/2019 16:00:00,102.07
14/03/2019 16:00:00,102.67
15/03/2019 16:00:00,103.7
18/03/2019 16:00:00,104.11
19/03/2019 16:00:00,103.54
20/03/2019 16:00:00,102.74
21/03/2019 16:00:00,102.25
22/03/2019 16:00:00,100.74
25/03/2019 16:00:00,100.97
26/03/2019 16:00:00,101.12
27/03/2019 16:00:00,100.91
28/03/2019 16:00:00,100.52
29/03/2019 16:00:00,99.99
01/04/2019 16:00:00,101.48
02/04/2019 16:00:00,102.14
03/04/2019 16:00:00,102.19
04/04/2019 16:00:00,102.31
05/04/2019 16:00:00,102.34
08/04/2019 16:00:00,102.25
09/04/2019 16:00:00,101.97
10/04/2019 16:00:00,102.06
11/04/2019 16:00:00,102.54
12/04/2019 16:00:00,103.23
15/04/2019 16:00:00,103.53
16/04/2019 16:00:00,103.87
17/04/2019 16:00:00,105.19
18/04/2019 16:00:00,105.5
22/04/2019 16:00:00,105.44
23/04/2019 16:00:00,105.63
24/04/2019 16:00:00,105.37
25/04/2019 16:00:00,105.34
26/04/2019 16:00:00,105.69
29/04/2019 16:00:00,106.41
30/04/2019 16:00:00,105.82
01/05/2019 16:00:00,105.83
02/05/2019 16:00:00,105.73
03/05/2019 16:00:00,106.11
06/05/2019 16:00:00,106.36
07/05/2019 16:00:00,105.55
08/05/2019 16:00:00,105.47
09/05/2019 16:00:00,104.55
10/05/2019 16:00:00,104.16
13/05/2019 16:00:00,102.86
14/05/2019 16:00:00,103.31
15/05/2019 16:00:00,103.58
16/05/2019 16:00:00,104.01
17/05/2019 16:00:00,103.42
21/05/2019 16:00:00,104.63
22/05/2019 16:00:00,104.07
23/05/2019 16:00:00,101.86
24/05/2019 16:00:00,103.6
27/05/2019 16:00:00,103.52
28/05/2019 16:00:00,103.04
29/05/2019 16:00:00,100.35
30/05/2019 16:00:00,99.28
31/05/2019 16:00:00,98.12
03/06/2019 16:00:00,98.38
04/06/2019 16:00:00,99.83
05/06/2019 16:00:00,99.76
06/06/2019 16:00:00,99.38
07/06/2019 16:00:00,98.97
10/06/2019 16:00:00,99.33
11/06/2019 16:00:00,99.6
12/06/2019 16:00:00,99.04
13/06/2019 16:00:00,99.15
14/06/2019 16:00:00,99.67
17/06/2019 16:00:00,99.56
18/06/2019 16:00:00,100.51
19/06/2019 16:00:00,100.25
20/06/2019 16:00:00,100.43
21/06/2019 16:00:00,99.94
24/06/2019 16:00:00,99.78
25/06/2019 16:00:00,98.91
26/06/2019 16:00:00,98.52
27/06/2019 16:00:00,98.43
28/06/2019 16:00:00,98.92
02/07/2019 16:00:00,99.92
03/07/2019 16:00:00,100.3
04/07/2019 16:00:00,100.35
05/07/2019 16:00:00,100.88
08/07/2019 16:00:00,100.44
09/07/2019 16:00:00,100.95
10/07/2019 16:00:00,100.23
11/07/2019 16:00:00,100.37
12/07/2019 16:00:00,100.01
15/07/2019 16:00:00,99.46
16/07/2019 16:00:00,99.43
17/07/2019 16:00:00,98.92
18/07/2019 16:00:00,99.1
19/07/2019 16:00:00,98.71
22/07/2019 16:00:00,98.69
23/07/2019 16:00:00,99.16
24/07/2019 16:00:00,99.79
25/07/2019 16:00:00,99.83
26/07/2019 16:00:00,99.98
29/07/2019 16:00:00,100.24
30/07/2019 16:00:00,99.59
31/07/2019 16:00:00,98.8
01/08/2019 16:00:00,97.45
02/08/2019 16:00:00,96.7
06/08/2019 16:00:00,95.06
07/08/2019 16:00:00,95.21
08/08/2019 16:00:00,95.67
09/08/2019 16:00:00,95.44
12/08/2019 16:00:00,94.22
13/08/2019 16:00:00,94.77
14/08/2019 16:00:00,92.7
15/08/2019 16:00:00,92.35
16/08/2019 16:00:00,93.19
19/08/2019 16:00:00,94.01
20/08/2019 16:00:00,92.62
21/08/2019 16:00:00,93.16
22/08/2019 16:00:00,93.06
23/08/2019 16:00:00,92
26/08/2019 16:00:00,92.38
27/08/2019 16:00:00,89.21
28/08/2019 16:00:00,89.36
29/08/2019 16:00:00,91.21
30/08/2019 16:00:00,91.26
03/09/2019 16:00:00,90.43
04/09/2019 16:00:00,90.18
05/09/2019 16:00:00,91.77
06/09/2019 16:00:00,92.23
09/09/2019 16:00:00,93.21
10/09/2019 16:00:00,94.9
11/09/2019 16:00:00,95.5
12/09/2019 16:00:00,95.94
13/09/2019 16:00:00,96.48
16/09/2019 16:00:00,96.42
17/09/2019 16:00:00,96.61
18/09/2019 16:00:00,97.22
19/09/2019 16:00:00,97.31
20/09/2019 16:00:00,97.58
23/09/2019 16:00:00,96.92
24/09/2019 16:00:00,96.12
25/09/2019 16:00:00,97.1
26/09/2019 16:00:00,97.02
27/09/2019 16:00:00,97.61
30/09/2019 16:00:00,97.58
01/10/2019 16:00:00,96.97
02/10/2019 16:00:00,95.84
03/10/2019 16:00:00,95.51
04/10/2019 16:00:00,95.86
07/10/2019 16:00:00,96.12
08/10/2019 16:00:00,95.16
09/10/2019 16:00:00,95.78
10/10/2019 16:00:00,96.14
11/10/2019 16:00:00,96.98
15/10/2019 16:00:00,96.83
16/10/2019 16:00:00,97.22
17/10/2019 16:00:00,96.89
18/10/2019 16:00:00,96.86
21/10/2019 16:00:00,97.42
22/10/2019 16:00:00,97.61
23/10/2019 16:00:00,97.71
24/10/2019 16:00:00,97.51
25/10/2019 16:00:00,98.1
28/10/2019 16:00:00,98.15
29/10/2019 16:00:00,98.29
30/10/2019 16:00:00,98.93
31/10/2019 16:00:00,97.5
01/11/2019 16:00:00,97.93
04/11/2019 16:00:00,98.43
05/11/2019 16:00:00,99.21
06/11/2019 16:00:00,99.54
07/11/2019 16:00:00,100.52
08/11/2019 16:00:00,100.68
11/11/2019 16:00:00,100.48
12/11/2019 16:00:00,100.6
13/11/2019 16:00:00,100.32
14/11/2019 16:00:00,100.95
15/11/2019 16:00:00,101.34
18/11/2019 16:00:00,101.38
19/11/2019 16:00:00,101.35
20/11/2019 16:00:00,101.46
21/11/2019 16:00:00,101.18
22/11/2019 16:00:00,101.08
25/11/2019 16:00:00,101.34
26/11/2019 16:00:00,101.5
27/11/2019 16:00:00,102.12
28/11/2019 16:00:00,102.29
29/11/2019 16:00:00,102.22
02/12/2019 16:00:00,100.71
03/12/2019 16:00:00,98.57
04/12/2019 16:00:00,99.19
05/12/2019 16:00:00,99.65
06/12/2019 16:00:00,100.12
09/12/2019 16:00:00,99.72
10/12/2019 16:00:00,100.02
11/12/2019 16:00:00,99.96
12/12/2019 16:00:00,100.55
13/12/2019 16:00:00,101.47
16/12/2019 16:00:00,101.74
17/12/2019 16:00:00,102
18/12/2019 16:00:00,101.65
19/12/2019 16:00:00,101.71
20/12/2019 16:00:00,102.17
23/12/2019 16:00:00,101.25
24/12/2019 13:30:00,101.12
27/12/2019 16:00:00,101.01
30/12/2019 16:00:00,100.72
31/12/2019 16:00:00,100.64
02/01/2020 16:00:00,100.85
03/01/2020 16:00:00,100.6
06/01/2020 16:00:00,100.52
07/01/2020 16:00:00,100.35
08/01/2020 16:00:00,101.08
09/01/2020 16:00:00,101.45
10/01/2020 16:00:00,101.42
13/01/2020 16:00:00,102.2
14/01/2020 16:00:00,102.71
15/01/2020 16:00:00,103.01
16/01/2020 16:00:00,103.36
17/01/2020 16:00:00,103.8
20/01/2020 16:00:00,103.5
21/01/2020 16:00:00,104.34
22/01/2020 16:00:00,104.43
23/01/2020 16:00:00,104.25
24/01/2020 16:00:00,104.02
27/01/2020 16:00:00,103.4
28/01/2020 16:00:00,103.72
29/01/2020 16:00:00,103.49
30/01/2020 16:00:00,103.37
31/01/2020 16:00:00,100.93
03/02/2020 16:00:00,100.53
04/02/2020 16:00:00,101.29
05/02/2020 16:00:00,101.83
06/02/2020 16:00:00,102.47
07/02/2020 16:00:00,102.49
10/02/2020 16:00:00,102.15
11/02/2020 16:00:00,102.16
12/02/2020 16:00:00,102.06
13/02/2020 16:00:00,101.75
14/02/2020 16:00:00,101.81
18/02/2020 16:00:00,101.3
19/02/2020 16:00:00,101.09
20/02/2020 16:00:00,101.25
21/02/2020 16:00:00,100.92
24/02/2020 16:00:00,99.47
25/02/2020 16:00:00,97.25
26/02/2020 16:00:00,95.7
27/02/2020 16:00:00,93.51
28/02/2020 16:00:00,91.21
02/03/2020 16:00:00,92.1
03/03/2020 16:00:00,89.98
04/03/2020 16:00:00,90.93
05/03/2020 16:00:00,88.01
06/03/2020 16:00:00,84.37
09/03/2020 16:00:00,73.16
10/03/2020 16:00:00,75.97
11/03/2020 16:00:00,72.38
12/03/2020 16:00:00,60.5
13/03/2020 16:00:00,70.77
16/03/2020 16:00:00,62.01
17/03/2020 16:00:00,61.41
18/03/2020 16:00:00,58.13
19/03/2020 16:00:00,60.67
20/03/2020 16:00:00,62.26
23/03/2020 16:00:00,56.24
24/03/2020 16:00:00,64.1
25/03/2020 16:00:00,69.67
26/03/2020 16:00:00,69.98
27/03/2020 16:00:00,66.66
30/03/2020 16:00:00,67.81
31/03/2020 16:00:00,71.06
01/04/2020 16:00:00,67.13
02/04/2020 16:00:00,67.96
03/04/2020 16:00:00,66.95
06/04/2020 16:00:00,70.7
07/04/2020 16:00:00,72.03
08/04/2020 16:00:00,74.89
09/04/2020 16:00:00,75.1
13/04/2020 16:00:00,73.44
14/04/2020 16:00:00,72.99
15/04/2020 16:00:00,69.34
16/04/2020 16:00:00,67.65
17/04/2020 16:00:00,69.99
20/04/2020 16:00:00,69.22
21/04/2020 16:00:00,66.43
22/04/2020 16:00:00,67.33
23/04/2020 16:00:00,66.89
24/04/2020 16:00:00,67.52
27/04/2020 16:00:00,69.81
28/04/2020 16:00:00,71.26
29/04/2020 16:00:00,74.84
30/04/2020 16:00:00,70.77
01/05/2020 16:00:00,68.55
04/05/2020 16:00:00,68.56
05/05/2020 16:00:00,67.75
06/05/2020 16:00:00,67.98
07/05/2020 16:00:00,67.1
08/05/2020 16:00:00,68.34
11/05/2020 16:00:00,68.71
12/05/2020 16:00:00,67.3
13/05/2020 16:00:00,63.85
14/05/2020 16:00:00,63.13
15/05/2020 16:00:00,62.37
19/05/2020 16:00:00,65.22
20/05/2020 16:00:00,66.45
21/05/2020 16:00:00,65.1
22/05/2020 16:00:00,64.14
25/05/2020 16:00:00,65.25
26/05/2020 16:00:00,70.19
27/05/2020 16:00:00,70.78
28/05/2020 16:00:00,69.39
29/05/2020 16:00:00,67.92
01/06/2020 16:00:00,69.09
02/06/2020 16:00:00,70.52
03/06/2020 16:00:00,73.93
04/06/2020 16:00:00,74.15
05/06/2020 16:00:00,76.07
08/06/2020 16:00:00,77.95
09/06/2020 16:00:00,77.29
10/06/2020 16:00:00,75.71
11/06/2020 16:00:00,72.5
12/06/2020 16:00:00,74.45
15/06/2020 16:00:00,74.68
16/06/2020 16:00:00,76.77
17/06/2020 16:00:00,76.14
18/06/2020 16:00:00,76.55
19/06/2020 16:00:00,75.99
22/06/2020 16:00:00,75.2
23/06/2020 16:00:00,75.93
24/06/2020 16:00:00,73.95
25/06/2020 16:00:00,73.75
26/06/2020 16:00:00,70.74
29/06/2020 16:00:00,71.46
30/06/2020 16:00:00,72.26
02/07/2020 16:00:00,72.11
03/07/2020 16:00:00,72.25
06/07/2020 16:00:00,73.7
07/07/2020 16:00:00,71.97
08/07/2020 16:00:00,72.02
09/07/2020 16:00:00,70.88
10/07/2020 16:00:00,72.82
13/07/2020 16:00:00,73.23
14/07/2020 16:00:00,73.85
15/07/2020 16:00:00,75.56
16/07/2020 16:00:00,75.5
17/07/2020 16:00:00,74.6
20/07/2020 16:00:00,74.38
21/07/2020 16:00:00,75.08
22/07/2020 16:00:00,74.8
23/07/2020 16:00:00,74.24
24/07/2020 16:00:00,73.73
27/07/2020 16:00:00,74.17
28/07/2020 16:00:00,73.96
29/07/2020 16:00:00,75.07
30/07/2020 16:00:00,75.43
31/07/2020 16:00:00,73.28
04/08/2020 16:00:00,73
05/08/2020 16:00:00,74.41
06/08/2020 16:00:00,74.3
07/08/2020 16:00:00,75.25
10/08/2020 16:00:00,76.6
11/08/2020 16:00:00,77.58
12/08/2020 16:00:00,78.65
13/08/2020 16:00:00,77.79
14/08/2020 16:00:00,78.03
17/08/2020 16:00:00,77.78
18/08/2020 16:00:00,77.31
19/08/2020 16:00:00,77.01
20/08/2020 16:00:00,76.07
21/08/2020 16:00:00,75.48
24/08/2020 16:00:00,76.85
25/08/2020 16:00:00,81.23
26/08/2020 16:00:00,83.56
27/08/2020 16:00:00,83.67
28/08/2020 16:00:00,82.83
31/08/2020 16:00:00,82.78
01/09/2020 16:00:00,81.9
02/09/2020 16:00:00,81.94
03/09/2020 16:00:00,81.42
04/09/2020 16:00:00,81.37
08/09/2020 16:00:00,80.16
09/09/2020 16:00:00,80.72
10/09/2020 16:00:00,79.83
11/09/2020 16:00:00,80.51
14/09/2020 16:00:00,81.36
15/09/2020 16:00:00,81.25
16/09/2020 16:00:00,80.64
17/09/2020 16:00:00,80.79
18/09/2020 16:00:00,80.23
21/09/2020 16:00:00,79.17
22/09/2020 16:00:00,78.04
23/09/2020 16:00:00,77.65
24/09/2020 16:00:00,77.99
25/09/2020 16:00:00,77.98
28/09/2020 16:00:00,79.59
29/09/2020 16:00:00,78.17
30/09/2020 16:00:00,77.84
01/10/2020 16:00:00,77.08
02/10/2020 16:00:00,77.4
05/10/2020 16:00:00,78.45
06/10/2020 16:00:00,80.37
07/10/2020 16:00:00,81.72
08/10/2020 16:00:00,82.21
09/10/2020 16:00:00,81.78
13/10/2020 16:00:00,81.39
14/10/2020 16:00:00,80.94
15/10/2020 16:00:00,81.01
16/10/2020 16:00:00,80.99
19/10/2020 16:00:00,79.78
20/10/2020 16:00:00,80.86
21/10/2020 16:00:00,81.95
22/10/2020 16:00:00,82.73
23/10/2020 16:00:00,84.09
26/10/2020 16:00:00,83.65
27/10/2020 16:00:00,82.08
28/10/2020 16:00:00,80.08
29/10/2020 16:00:00,81.08
30/10/2020 16:00:00,79.33
02/11/2020 16:00:00,79.5
03/11/2020 16:00:00,81.53
04/11/2020 16:00:00,82.68
05/11/2020 16:00:00,82.09
06/11/2020 16:00:00,81.38
09/11/2020 16:00:00,84.89
10/11/2020 16:00:00,87.57
11/11/2020 16:00:00,87.35
12/11/2020 16:00:00,86.77
13/11/2020 16:00:00,87.54
16/11/2020 16:00:00,89.66
17/11/2020 16:00:00,90.82
18/11/2020 16:00:00,91.51
19/11/2020 16:00:00,92.27
20/11/2020 16:00:00,93.35
23/11/2020 16:00:00,94.84
24/11/2020 16:00:00,97.28
25/11/2020 16:00:00,97.04
26/11/2020 16:00:00,97.16
27/11/2020 16:00:00,96.77
30/11/2020 16:00:00,93.33
01/12/2020 16:00:00,96.52
02/12/2020 16:00:00,97.33
03/12/2020 16:00:00,97.76
04/12/2020 16:00:00,98.05
07/12/2020 16:00:00,97.39
08/12/2020 16:00:00,97.65
09/12/2020 16:00:00,98.33
10/12/2020 16:00:00,97.51
11/12/2020 16:00:00,97.14
14/12/2020 16:00:00,96.12
15/12/2020 16:00:00,97.46
16/12/2020 16:00:00,97.43
17/12/2020 16:00:00,97.58
18/12/2020 16:00:00,96.44
21/12/2020 16:00:00,96.78
22/12/2020 16:00:00,96.66
23/12/2020 16:00:00,97.33
24/12/2020 16:00:00,97.25
29/12/2020 16:00:00,97.14
30/12/2020 16:00:00,96.61
31/12/2020 16:00:00,96.78
04/01/2021 16:00:00,95.99
05/01/2021 16:00:00,96.46
06/01/2021 16:00:00,98.2
07/01/2021 16:00:00,99.24
08/01/2021 16:00:00,99.86
11/01/2021 16:00:00,99.87
12/01/2021 16:00:00,99.62
13/01/2021 16:00:00,99.29
14/01/2021 16:00:00,99.5
15/01/2021 16:00:00,100.63
18/01/2021 16:00:00,101.23
19/01/2021 16:00:00,100.5
20/01/2021 16:00:00,99.55
21/01/2021 16:00:00,98.2
22/01/2021 16:00:00,97.6
25/01/2021 16:00:00,98.14
26/01/2021 16:00:00,98.05
27/01/2021 16:00:00,97.05
28/01/2021 16:00:00,98.13
29/01/2021 16:00:00,95.12
01/02/2021 16:00:00,95.75
02/02/2021 16:00:00,96.44
03/02/2021 16:00:00,96.21
04/02/2021 16:00:00,97.93
05/02/2021 16:00:00,97.84
08/02/2021 16:00:00,97.77
09/02/2021 16:00:00,97.62
10/02/2021 16:00:00,97.31
11/02/2021 16:00:00,96.84
12/02/2021 16:00:00,97.6
16/02/2021 16:00:00,98.24
17/02/2021 16:00:00,99.37
18/02/2021 16:00:00,99.67
19/02/2021 16:00:00,101.25
22/02/2021 16:00:00,101.84
23/02/2021 16:00:00,104.9
24/02/2021 16:00:00,107.8
25/02/2021 16:00:00,105.89
26/02/2021 16:00:00,103.98
01/03/2021 16:00:00,106.1
02/03/2021 16:00:00,107.4
03/03/2021 16:00:00,107.32
04/03/2021 16:00:00,106.55
05/03/2021 16:00:00,108.11
08/03/2021 16:00:00,108.89
09/03/2021 16:00:00,108.39
10/03/2021 16:00:00,110.15
11/03/2021 16:00:00,109.73
12/03/2021 16:00:00,110.21
15/03/2021 16:00:00,109.72
16/03/2021 16:00:00,109.6
17/03/2021 16:00:00,110.66
18/03/2021 16:00:00,111.83
19/03/2021 16:00:00,111.58
22/03/2021 16:00:00,110.76
23/03/2021 16:00:00,109.65
24/03/2021 16:00:00,110.56
25/03/2021 16:00:00,112.23
26/03/2021 16:00:00,112.96
29/03/2021 16:00:00,112.52
30/03/2021 16:00:00,113.17
31/03/2021 16:00:00,112.02
01/04/2021 16:00:00,113
05/04/2021 16:00:00,113.62
06/04/2021 16:00:00,113.09
07/04/2021 16:00:00,113.83
08/04/2021 16:00:00,114.35
09/04/2021 16:00:00,114.89
12/04/2021 16:00:00,115.72
13/04/2021 16:00:00,113.86
14/04/2021 16:00:00,114.28
15/04/2021 16:00:00,114.56
16/04/2021 16:00:00,114.82
19/04/2021 16:00:00,114.07
20/04/2021 16:00:00,112.67
21/04/2021 16:00:00,113.79
22/04/2021 16:00:00,113.93
23/04/2021 16:00:00,116.01
26/04/2021 16:00:00,116.71
27/04/2021 16:00:00,116.8
28/04/2021 16:00:00,117.1
29/04/2021 16:00:00,117.25
30/04/2021 16:00:00,116.01
03/05/2021 16:00:00,115.81
04/05/2021 16:00:00,115.51
05/05/2021 16:00:00,116.24
06/05/2021 16:00:00,117.3
07/05/2021 16:00:00,117.84
10/05/2021 16:00:00,117.81
11/05/2021 16:00:00,117.14
12/05/2021 16:00:00,116.49
13/05/2021 16:00:00,119.42
14/05/2021 16:00:00,120.65
17/05/2021 16:00:00,121.52
18/05/2021 16:00:00,122.36
19/05/2021 16:00:00,122
20/05/2021 16:00:00,123.14
21/05/2021 16:00:00,123.92
25/05/2021 16:00:00,123.6
26/05/2021 16:00:00,125.41
27/05/2021 16:00:00,126.18
28/05/2021 16:00:00,126.83
31/05/2021 16:00:00,126.19
01/06/2021 16:00:00,127.98
02/06/2021 16:00:00,127.42
03/06/2021 16:00:00,128.57
04/06/2021 16:00:00,128
07/06/2021 16:00:00,128.55
08/06/2021 16:00:00,128.17
09/06/2021 16:00:00,127.15
10/06/2021 16:00:00,126.95
11/06/2021 16:00:00,126.92
14/06/2021 16:00:00,126.5
15/06/2021 16:00:00,127.51
16/06/2021 16:00:00,129.31
17/06/2021 16:00:00,127.83
18/06/2021 16:00:00,126.93
21/06/2021 16:00:00,128.05
22/06/2021 16:00:00,128.12
23/06/2021 16:00:00,127.9
24/06/2021 16:00:00,127.76
25/06/2021 16:00:00,128.65
28/06/2021 16:00:00,127.08
29/06/2021 16:00:00,126.6
30/06/2021 16:00:00,127.06
02/07/2021 16:00:00,127.09
05/07/2021 16:00:00,127.32
06/07/2021 16:00:00,126.68
07/07/2021 16:00:00,126.84
08/07/2021 16:00:00,124.98
09/07/2021 16:00:00,126.12
12/07/2021 16:00:00,127
13/07/2021 16:00:00,126.77
14/07/2021 16:00:00,126.42
15/07/2021 16:00:00,126.34
16/07/2021 16:00:00,125.11
19/07/2021 16:00:00,122.37
20/07/2021 16:00:00,123.14
21/07/2021 16:00:00,124.12
22/07/2021 16:00:00,123.59
23/07/2021 16:00:00,124.47
26/07/2021 16:00:00,125.33
27/07/2021 16:00:00,125.4
28/07/2021 16:00:00,125.51
29/07/2021 16:00:00,126.14
30/07/2021 16:00:00,123.53
03/08/2021 16:00:00,124.26
04/08/2021 16:00:00,123.99
05/08/2021 16:00:00,125.47
06/08/2021 16:00:00,126.45
09/08/2021 16:00:00,126.54
10/08/2021 16:00:00,127.92
11/08/2021 16:00:00,129.05
12/08/2021 16:00:00,129.13
13/08/2021 16:00:00,128.73
16/08/2021 16:00:00,127.99
17/08/2021 16:00:00,127.5
18/08/2021 16:00:00,128.15
19/08/2021 16:00:00,126.79
20/08/2021 16:00:00,127.91
23/08/2021 16:00:00,128.72
24/08/2021 16:00:00,130.87
25/08/2021 16:00:00,130.72
26/08/2021 16:00:00,127.67
27/08/2021 16:00:00,126.94
30/08/2021 16:00:00,125.91
31/08/2021 16:00:00,125.56
01/09/2021 16:00:00,127.01
02/09/2021 16:00:00,127.81
03/09/2021 16:00:00,127.73
07/09/2021 16:00:00,128.5
08/09/2021 16:00:00,128.44
09/09/2021 16:00:00,128.27
10/09/2021 16:00:00,127.86
13/09/2021 16:00:00,128.79
14/09/2021 16:00:00,127.48
15/09/2021 16:00:00,128.38
16/09/2021 16:00:00,128.8
17/09/2021 16:00:00,127.85
20/09/2021 16:00:00,125.11
21/09/2021 16:00:00,125.3
22/09/2021 16:00:00,126.55
23/09/2021 16:00:00,128.37
24/09/2021 16:00:00,128.46
27/09/2021 16:00:00,129.43
28/09/2021 16:00:00,128.09
29/09/2021 16:00:00,128.35
30/09/2021 16:00:00,126.45
01/10/2021 16:00:00,127.31
04/10/2021 16:00:00,127.2
05/10/2021 16:00:00,129
06/10/2021 16:00:00,128.47
07/10/2021 16:00:00,129.94
08/10/2021 16:00:00,130.7
12/10/2021 16:00:00,129.65
13/10/2021 16:00:00,129.51
14/10/2021 16:00:00,130.7
15/10/2021 16:00:00,132.68
18/10/2021 16:00:00,132.64
19/10/2021 16:00:00,133.37
20/10/2021 16:00:00,134.71
21/10/2021 16:00:00,134.93
22/10/2021 16:00:00,135.47
25/10/2021 16:00:00,137.26
26/10/2021 16:00:00,137.89
27/10/2021 16:00:00,137.16
28/10/2021 16:00:00,138.57
29/10/2021 16:00:00,134.37
01/11/2021 16:00:00,135.55
02/11/2021 16:00:00,136.62
03/11/2021 16:00:00,137.03
04/11/2021 16:00:00,137.34
05/11/2021 16:00:00,137.69
08/11/2021 16:00:00,139.03
09/11/2021 16:00:00,139.4
10/11/2021 16:00:00,138.99
11/11/2021 16:00:00,140.08
12/11/2021 16:00:00,140.27
15/11/2021 16:00:00,140.25
16/11/2021 16:00:00,139.78
17/11/2021 16:00:00,139.18
18/11/2021 16:00:00,138.85
19/11/2021 16:00:00,137.89
22/11/2021 16:00:00,138.61
23/11/2021 16:00:00,139.85
24/11/2021 16:00:00,140.22
25/11/2021 16:00:00,140.87
26/11/2021 16:00:00,137.93
29/11/2021 16:00:00,137.01
30/11/2021 16:00:00,133.04
01/12/2021 16:00:00,132.71
02/12/2021 16:00:00,134.81
03/12/2021 16:00:00,137.98
06/12/2021 16:00:00,137.89
07/12/2021 16:00:00,138.25
08/12/2021 16:00:00,137.98
09/12/2021 16:00:00,137.83
10/12/2021 16:00:00,138.73
13/12/2021 16:00:00,138.42
14/12/2021 16:00:00,138.62
15/12/2021 16:00:00,140.05
16/12/2021 16:00:00,136.7
17/12/2021 16:00:00,134.11
20/12/2021 16:00:00,131.54
21/12/2021 16:00:00,133.14
22/12/2021 16:00:00,135.35
23/12/2021 16:00:00,135.58
24/12/2021 13:00:00,135.87
29/12/2021 16:00:00,136.94
30/12/2021 16:00:00,136.59